id,product_name,price,quantity_in_stock,technical,category,release_date,weight,ask?
1,Notebook Dell,853.27,513,Skaboo,Notebooks,3/26/2024,1169.11,FALSE
2,Notebook Lenovo,1281.22,359,Photobug,Notebooks,2/26/2024,763.87,FALSE
3,Notebook Acer,996.25,250,Wordpedia,Notebooks,1/28/2024,1141.1,TRUE
4,Notebook Acer,1082.01,138,Feedbug,Notebooks,1/4/2024,1088.38,FALSE
5,Notebook Dell,1198.5,416,Lajo,Notebooks,3/23/2024,1037.95,TRUE
6,Notebook Dell,1289.24,775,Rhybox,Notebooks,1/11/2024,1122.55,TRUE
7,Notebook Dell,1308.72,682,Voolith,Notebooks,1/5/2024,1059.27,FALSE
8,Notebook Dell,841.95,428,Gabspot,Notebooks,3/14/2024,1008.08,TRUE
9,Notebook Dell,1034.17,366,Jabbercube,Notebooks,1/3/2024,829.74,FALSE
10,Microsoft Surface,1480.25,412,Oyope,Notebooks,3/27/2024,864.6,TRUE
11,Notebook Lenovo,832.84,449,Wikibox,Notebooks,1/4/2024,1188.7,FALSE
12,Notebook Lenovo,1023.75,153,Talane,Notebooks,1/17/2024,751.26,TRUE
13,Notebook HP,1172.96,202,Bluejam,Notebooks,2/2/2024,782.22,FALSE
14,Notebook HP,881.74,15,Linktype,Notebooks,1/2/2024,752.0,FALSE
15,Notebook Lenovo,1417.2,881,Brainsphere,Notebooks,1/31/2024,1091.93,FALSE
16,Notebook HP,1011.95,389,Dazzlesphere,Notebooks,3/27/2024,1170.12,TRUE
17,Notebook HP,1358.38,149,Jaxspan,Notebooks,2/18/2024,723.29,TRUE
18,Microsoft Surface,875.95,947,Zoomcast,Notebooks,3/5/2024,709.31,TRUE
19,Microsoft Surface,1113.88,980,Mymm,Notebooks,1/25/2024,953.4,TRUE
20,Notebook Dell,1264.49,218,Fivechat,Notebooks,2/21/2024,856.0,FALSE
21,Notebook HP,1462.11,363,Skajo,Notebooks,1/1/2024,941.02,FALSE
22,Notebook Lenovo,895.09,732,Oba,Notebooks,2/6/2024,893.05,TRUE
23,Notebook Acer,1188.5,656,Youfeed,Notebooks,2/22/2024,1165.04,FALSE
24,Notebook HP,1130.13,343,Thoughtbridge,Notebooks,2/18/2024,1153.05,TRUE
25,Notebook Acer,1446.7,31,Centimia,Notebooks,2/21/2024,1027.56,FALSE
26,Notebook Dell,1306.73,479,Aimbo,Notebooks,2/7/2024,805.33,TRUE
27,Notebook Dell,1407.27,791,Topiczoom,Notebooks,3/13/2024,973.42,FALSE
28,Notebook Acer,1495.13,851,Thoughtsphere,Notebooks,2/6/2024,746.02,FALSE
29,Notebook Dell,1052.76,655,Realpoint,Notebooks,2/15/2024,853.74,FALSE
30,Notebook Acer,881.05,940,Rhyloo,Notebooks,2/9/2024,988.12,FALSE
31,Notebook Acer,1460.54,125,Mynte,Notebooks,3/28/2024,1118.6,FALSE
32,Notebook HP,1026.98,264,Riffwire,Notebooks,2/1/2024,1015.46,TRUE
33,Notebook Lenovo,1308.82,213,Kimia,Notebooks,3/16/2024,1045.19,FALSE
34,Notebook HP,1344.84,816,Cogibox,Notebooks,1/18/2024,1159.04,TRUE
35,Notebook Lenovo,1250.4,752,Innojam,Notebooks,2/11/2024,1022.28,TRUE
36,Notebook HP,1115.55,551,Quinu,Notebooks,3/25/2024,729.96,FALSE
37,Notebook Dell,1128.39,827,Skinder,Notebooks,2/11/2024,1155.29,FALSE
38,Notebook Acer,1177.38,789,Yozio,Notebooks,3/23/2024,1031.99,FALSE
39,MacBook Pro,1339.9,38,Thoughtsphere,Notebooks,1/8/2024,1120.14,FALSE
40,Notebook Acer,1379.52,166,Linktype,Notebooks,1/18/2024,763.42,TRUE
41,MacBook Pro,1351.76,467,Zoombox,Notebooks,2/12/2024,824.58,FALSE
42,Notebook Lenovo,1462.38,867,Mynte,Notebooks,1/26/2024,936.47,FALSE
43,Notebook HP,1048.19,609,Oyoyo,Notebooks,3/29/2024,984.93,FALSE
44,Microsoft Surface,1452.3,525,Trilia,Notebooks,2/21/2024,774.04,FALSE
45,Notebook Acer,1024.23,430,Wordware,Notebooks,1/21/2024,789.0,TRUE
46,Notebook HP,1006.52,160,Zazio,Notebooks,2/12/2024,850.38,TRUE
47,Notebook Dell,890.68,345,Tagcat,Notebooks,1/4/2024,892.33,FALSE
48,MacBook Pro,1358.55,904,Bubblemix,Notebooks,2/18/2024,943.87,TRUE
49,Notebook HP,1279.36,208,Edgeclub,Notebooks,2/21/2024,1042.35,TRUE
50,Notebook Dell,1131.71,571,Blogpad,Notebooks,1/21/2024,911.93,FALSE
51,Microsoft Surface,817.15,681,Kanoodle,Notebooks,2/4/2024,1071.87,FALSE
52,Notebook Dell,998.54,806,Flashset,Notebooks,3/16/2024,1052.94,TRUE
53,Notebook Acer,1098.85,881,Npath,Notebooks,2/2/2024,716.44,FALSE
54,Microsoft Surface,1101.33,756,Mynte,Notebooks,1/10/2024,1148.9,TRUE
55,Notebook HP,1224.37,505,Dabjam,Notebooks,2/5/2024,1175.99,FALSE
56,Notebook Lenovo,1105.09,750,Topiczoom,Notebooks,1/22/2024,1004.86,FALSE
57,Notebook Dell,813.64,755,Dynazzy,Notebooks,3/12/2024,856.09,FALSE
58,Microsoft Surface,947.15,505,Kazio,Notebooks,2/11/2024,953.74,FALSE
59,MacBook Pro,1304.11,868,Buzzshare,Notebooks,2/4/2024,708.02,FALSE
60,Notebook Lenovo,1106.05,768,Kwinu,Notebooks,3/9/2024,1007.6,TRUE
61,Notebook Acer,971.43,756,Divape,Notebooks,3/22/2024,863.27,FALSE
62,Microsoft Surface,1365.83,347,Fivebridge,Notebooks,3/20/2024,783.24,FALSE
63,Microsoft Surface,1327.74,28,Oyope,Notebooks,3/11/2024,984.09,FALSE
64,Notebook HP,990.44,61,Flipstorm,Notebooks,1/23/2024,1123.24,TRUE
65,Microsoft Surface,1006.95,677,Quinu,Notebooks,2/9/2024,989.83,FALSE
66,Notebook Acer,1224.19,133,Blogtag,Notebooks,2/18/2024,1012.88,TRUE
67,Notebook HP,1214.52,365,Agimba,Notebooks,1/7/2024,774.43,FALSE
68,Notebook HP,1172.66,77,Tambee,Notebooks,3/14/2024,732.8,TRUE
69,Notebook Acer,1340.49,814,Skajo,Notebooks,3/23/2024,970.07,TRUE
70,Microsoft Surface,917.91,49,Twinte,Notebooks,2/25/2024,1103.94,TRUE
71,Notebook Lenovo,1104.17,285,Kimia,Notebooks,2/13/2024,848.77,TRUE
72,Microsoft Surface,1377.97,158,Photofeed,Notebooks,3/30/2024,926.28,TRUE
73,Notebook Dell,1329.21,668,Quaxo,Notebooks,2/1/2024,896.63,FALSE
74,Notebook HP,1334.5,956,Meetz,Notebooks,2/16/2024,972.21,FALSE
75,Notebook Lenovo,1300.27,512,Pixonyx,Notebooks,1/24/2024,800.88,TRUE
76,Notebook Acer,1445.08,820,Wordify,Notebooks,2/12/2024,705.33,FALSE
77,Notebook Dell,1309.37,202,Eimbee,Notebooks,3/21/2024,887.62,TRUE
78,Microsoft Surface,833.17,793,Youspan,Notebooks,1/3/2024,701.94,TRUE
79,Microsoft Surface,1499.29,282,Yakitri,Notebooks,1/19/2024,883.88,TRUE
80,Notebook HP,990.15,397,Agivu,Notebooks,1/1/2024,1042.56,FALSE
81,Notebook Lenovo,847.99,383,Buzzdog,Notebooks,3/11/2024,1188.96,TRUE
82,MacBook Pro,813.35,62,Realpoint,Notebooks,2/3/2024,749.21,TRUE
83,Notebook HP,936.74,234,Oyoyo,Notebooks,1/31/2024,825.92,TRUE
84,Notebook HP,1243.85,247,Chatterpoint,Notebooks,3/25/2024,728.57,FALSE
85,MacBook Pro,1424.8,270,Dynabox,Notebooks,3/26/2024,1051.6,TRUE
86,Notebook HP,1477.92,175,Midel,Notebooks,3/12/2024,750.26,FALSE
87,Notebook HP,1486.73,707,Wordtune,Notebooks,1/28/2024,1165.8,FALSE
88,Microsoft Surface,998.97,739,Meezzy,Notebooks,3/3/2024,836.77,TRUE
89,Notebook Dell,1396.92,281,Leexo,Notebooks,2/15/2024,807.8,TRUE
90,Notebook HP,1400.35,696,Realbridge,Notebooks,2/27/2024,701.25,TRUE
91,Notebook Lenovo,806.06,341,Buzzster,Notebooks,2/12/2024,838.39,TRUE
92,Microsoft Surface,1099.78,951,Tagtune,Notebooks,1/20/2024,939.65,FALSE
93,Notebook Lenovo,843.86,620,Katz,Notebooks,2/27/2024,756.61,TRUE
94,Notebook Acer,1282.4,405,Shufflebeat,Notebooks,1/20/2024,1046.14,TRUE
95,Microsoft Surface,1247.37,867,Tavu,Notebooks,1/28/2024,760.69,TRUE
96,Notebook HP,1347.86,18,Avamba,Notebooks,1/23/2024,911.52,TRUE
97,Notebook Acer,1062.36,633,Eadel,Notebooks,2/18/2024,776.25,TRUE
98,Microsoft Surface,839.05,942,Pixonyx,Notebooks,2/16/2024,832.9,TRUE
99,Microsoft Surface,996.74,603,Wikido,Notebooks,1/9/2024,1009.38,FALSE
100,Microsoft Surface,1296.11,408,Bluezoom,Notebooks,2/13/2024,917.09,FALSE
101,Notebook Acer,1279.78,828,Oba,Notebooks,3/23/2024,1003.17,TRUE
102,Notebook Lenovo,1074.63,208,Gabtune,Notebooks,2/17/2024,830.13,TRUE
103,Notebook HP,1364.81,71,Tambee,Notebooks,3/20/2024,1011.35,TRUE
104,Notebook Acer,1458.09,322,Blogspan,Notebooks,2/16/2024,793.28,FALSE
105,MacBook Pro,1196.64,875,Thoughtbeat,Notebooks,1/13/2024,1112.83,FALSE
106,Notebook Dell,1292.83,564,Babbleset,Notebooks,1/29/2024,832.46,TRUE
107,Notebook Lenovo,1065.59,218,Minyx,Notebooks,2/16/2024,963.82,FALSE
108,Notebook Lenovo,1213.34,487,Roodel,Notebooks,3/15/2024,742.32,FALSE
109,Notebook Dell,1330.11,42,Katz,Notebooks,1/30/2024,1136.38,FALSE
110,MacBook Pro,818.1,245,Jatri,Notebooks,1/16/2024,746.36,TRUE
111,Microsoft Surface,1444.9,200,Jaloo,Notebooks,3/21/2024,1124.64,FALSE
112,Notebook Acer,1117.35,218,Wikizz,Notebooks,2/21/2024,1113.2,FALSE
113,Notebook Acer,1109.0,991,Nlounge,Notebooks,3/4/2024,1144.22,TRUE
114,Notebook Acer,1281.74,858,Twimm,Notebooks,3/16/2024,1059.74,TRUE
115,Notebook Acer,1263.24,170,Eabox,Notebooks,3/27/2024,841.49,FALSE
116,Notebook Dell,1399.02,950,Tekfly,Notebooks,3/25/2024,820.76,TRUE
117,Notebook Lenovo,834.66,179,Quimm,Notebooks,2/29/2024,1096.62,TRUE
118,Notebook HP,1217.61,433,Voolith,Notebooks,1/29/2024,853.65,FALSE
119,Notebook Lenovo,826.11,595,Cogibox,Notebooks,1/11/2024,969.26,FALSE
120,Microsoft Surface,1419.9,834,Devpulse,Notebooks,3/20/2024,897.23,TRUE
121,Notebook Lenovo,1356.71,349,Linkbridge,Notebooks,1/8/2024,973.85,FALSE
122,Notebook Acer,1212.53,237,Realcube,Notebooks,3/3/2024,1070.86,TRUE
123,Notebook Acer,1011.59,98,Viva,Notebooks,2/7/2024,827.22,FALSE
124,Notebook HP,1411.89,64,Zooveo,Notebooks,1/1/2024,769.27,TRUE
125,Notebook HP,1222.59,672,Blogspan,Notebooks,3/30/2024,1001.57,FALSE
126,MacBook Pro,874.28,389,Voomm,Notebooks,2/15/2024,1087.92,TRUE
127,Notebook Acer,1020.84,12,Zava,Notebooks,3/20/2024,1065.02,FALSE
128,MacBook Pro,1200.55,74,Mynte,Notebooks,3/8/2024,1028.26,TRUE
129,MacBook Pro,921.23,20,Livepath,Notebooks,2/4/2024,1080.13,FALSE
130,Notebook Acer,1191.86,769,Meembee,Notebooks,3/11/2024,738.51,FALSE
131,Notebook Acer,1233.32,909,Skyba,Notebooks,3/16/2024,1006.66,TRUE
132,Notebook HP,1238.66,522,Yacero,Notebooks,2/3/2024,862.19,FALSE
133,MacBook Pro,1141.17,387,Mynte,Notebooks,1/12/2024,1178.73,FALSE
134,Notebook Lenovo,1071.85,223,Mybuzz,Notebooks,1/26/2024,1100.69,TRUE
135,Microsoft Surface,903.92,836,Plajo,Notebooks,2/7/2024,876.44,FALSE
136,Notebook HP,1131.54,457,Skiptube,Notebooks,3/11/2024,896.18,FALSE
137,MacBook Pro,833.47,930,Fiveclub,Notebooks,3/23/2024,1074.88,TRUE
138,Notebook Acer,1291.29,681,Digitube,Notebooks,2/13/2024,791.69,FALSE
139,Notebook Lenovo,976.94,777,Yamia,Notebooks,2/10/2024,910.86,TRUE
140,MacBook Pro,860.91,596,Wikibox,Notebooks,2/10/2024,810.62,FALSE
141,MacBook Pro,1300.39,802,Rhycero,Notebooks,1/10/2024,1043.35,FALSE
142,Microsoft Surface,822.63,664,Gigaclub,Notebooks,2/10/2024,824.15,TRUE
143,Notebook Dell,841.77,87,Brainlounge,Notebooks,2/1/2024,883.03,FALSE
144,MacBook Pro,1065.03,826,Babbleset,Notebooks,3/11/2024,826.56,FALSE
145,Notebook Dell,1484.4,89,Rhyzio,Notebooks,1/4/2024,1169.63,FALSE
146,Notebook Dell,806.34,790,Dabjam,Notebooks,3/23/2024,1036.61,TRUE
147,Notebook HP,1424.76,563,Twitterwire,Notebooks,3/30/2024,759.76,FALSE
148,Notebook HP,1268.41,599,Eadel,Notebooks,3/22/2024,873.62,TRUE
149,Notebook Acer,1164.62,593,Chatterbridge,Notebooks,1/8/2024,839.73,FALSE
150,MacBook Pro,1315.89,827,Brightbean,Notebooks,1/16/2024,783.32,TRUE
151,Notebook Dell,920.48,403,Digitube,Notebooks,2/18/2024,837.18,TRUE
152,MacBook Pro,1459.71,55,Bubblebox,Notebooks,1/26/2024,1004.7,FALSE
153,Microsoft Surface,1363.25,659,Wordify,Notebooks,1/18/2024,1140.33,TRUE
154,Microsoft Surface,1200.98,688,Youfeed,Notebooks,2/6/2024,806.29,TRUE
155,MacBook Pro,1471.64,372,Yata,Notebooks,2/4/2024,1190.7,FALSE
156,Notebook Lenovo,872.57,904,Yata,Notebooks,3/17/2024,1036.21,TRUE
157,MacBook Pro,1499.51,627,Voonix,Notebooks,2/22/2024,1123.75,TRUE
158,MacBook Pro,1121.16,376,Oyonder,Notebooks,1/9/2024,873.69,TRUE
159,Notebook Lenovo,1019.34,950,Eadel,Notebooks,1/31/2024,774.91,TRUE
160,Notebook Dell,1243.73,19,Blogspan,Notebooks,1/12/2024,1003.07,FALSE
161,Notebook HP,1265.48,987,Edgetag,Notebooks,2/6/2024,1138.32,TRUE
162,Notebook Dell,1019.12,797,Photolist,Notebooks,2/6/2024,1156.75,TRUE
163,Notebook Dell,1128.6,504,Livepath,Notebooks,3/5/2024,845.72,FALSE
164,Notebook Dell,857.78,385,Rhynyx,Notebooks,3/22/2024,936.64,FALSE
165,Microsoft Surface,900.29,444,Jaxbean,Notebooks,2/9/2024,1082.99,FALSE
166,Notebook Dell,1175.15,842,Fanoodle,Notebooks,1/16/2024,864.82,FALSE
167,Notebook Acer,1002.15,891,Zazio,Notebooks,2/11/2024,712.26,TRUE
168,Notebook Acer,1077.04,321,Miboo,Notebooks,2/11/2024,1155.07,TRUE
169,MacBook Pro,815.73,953,Browsedrive,Notebooks,1/22/2024,798.59,FALSE
170,Notebook Acer,1338.18,719,Flashset,Notebooks,1/15/2024,972.04,FALSE
171,Notebook Acer,1249.33,94,Feedmix,Notebooks,2/23/2024,1098.94,FALSE
172,Microsoft Surface,1265.85,967,Meezzy,Notebooks,1/8/2024,1190.57,TRUE
173,MacBook Pro,1036.31,135,Feedmix,Notebooks,1/27/2024,1024.3,TRUE
174,Microsoft Surface,1110.26,42,Jaloo,Notebooks,3/22/2024,1094.77,FALSE
175,Notebook HP,931.35,58,Twitterbeat,Notebooks,2/28/2024,1143.87,TRUE
176,Notebook HP,1006.78,963,Jazzy,Notebooks,3/24/2024,867.63,FALSE
177,Notebook Acer,1314.7,593,Photobug,Notebooks,1/1/2024,1161.02,TRUE
178,Notebook Dell,1276.65,187,Centidel,Notebooks,2/26/2024,882.27,FALSE
179,MacBook Pro,1232.85,871,Kwinu,Notebooks,2/23/2024,954.2,TRUE
180,Notebook Acer,1410.74,698,Trupe,Notebooks,1/12/2024,1145.31,FALSE
181,Notebook HP,1075.62,803,Browsezoom,Notebooks,2/24/2024,1139.76,FALSE
182,Notebook Lenovo,1339.62,36,Realbuzz,Notebooks,2/25/2024,928.2,FALSE
183,Notebook HP,1151.42,665,Thoughtbeat,Notebooks,1/22/2024,701.66,TRUE
184,Notebook Dell,1069.1,51,Skiba,Notebooks,1/14/2024,1106.42,FALSE
185,MacBook Pro,1429.4,522,Oyoba,Notebooks,1/21/2024,842.73,FALSE
186,Microsoft Surface,1328.37,89,Feednation,Notebooks,1/1/2024,794.76,FALSE
187,Notebook Dell,1199.96,606,Rhycero,Notebooks,3/13/2024,1174.14,TRUE
188,Microsoft Surface,801.83,54,Gabspot,Notebooks,3/14/2024,1151.34,TRUE
189,Notebook Dell,1072.93,418,Trilith,Notebooks,3/12/2024,890.72,FALSE
190,Notebook HP,1204.44,894,Zooxo,Notebooks,2/1/2024,924.61,TRUE
191,Notebook Acer,1201.27,987,Quinu,Notebooks,3/10/2024,912.66,FALSE
192,Notebook Lenovo,1494.57,825,Oyondu,Notebooks,1/31/2024,820.91,FALSE
193,Notebook Dell,1054.19,810,Dynazzy,Notebooks,2/23/2024,914.94,FALSE
194,Notebook Acer,880.16,733,Skyvu,Notebooks,3/27/2024,721.78,FALSE
195,Notebook Dell,1428.49,133,Rhycero,Notebooks,1/10/2024,700.2,FALSE
196,MacBook Pro,1186.66,239,Dabfeed,Notebooks,2/2/2024,745.5,TRUE
197,Notebook Lenovo,811.19,461,Blogpad,Notebooks,1/13/2024,1181.83,TRUE
198,Notebook Acer,1333.26,902,Topdrive,Notebooks,2/2/2024,840.8,TRUE
199,Notebook Acer,1257.97,519,Wikibox,Notebooks,3/19/2024,882.64,TRUE
200,Microsoft Surface,937.59,11,Wordify,Notebooks,3/10/2024,711.53,FALSE
201,Notebook HP,1223.79,306,Vinte,Notebooks,2/24/2024,1104.73,FALSE
202,Notebook Dell,838.72,867,Blogspan,Notebooks,3/5/2024,1049.27,TRUE
203,Notebook Dell,957.63,114,Janyx,Notebooks,1/30/2024,1110.56,TRUE
204,Microsoft Surface,939.67,113,Fatz,Notebooks,2/17/2024,998.89,TRUE
205,MacBook Pro,1354.25,229,Dablist,Notebooks,3/13/2024,886.18,TRUE
206,Notebook Acer,1158.54,889,Blognation,Notebooks,3/23/2024,951.61,TRUE
207,Microsoft Surface,935.43,399,Yodo,Notebooks,1/18/2024,779.26,FALSE
208,MacBook Pro,1374.27,608,Twitterbeat,Notebooks,3/29/2024,883.92,FALSE
209,Microsoft Surface,1253.48,781,Wikido,Notebooks,2/19/2024,1159.78,TRUE
210,Notebook Acer,1349.5,880,Zoonoodle,Notebooks,2/2/2024,841.12,FALSE
211,Microsoft Surface,1313.14,878,Trunyx,Notebooks,2/12/2024,1007.7,TRUE
212,Notebook HP,1351.76,529,Jabberbean,Notebooks,3/16/2024,1086.84,FALSE
213,Notebook Lenovo,1158.49,366,Fanoodle,Notebooks,1/21/2024,775.71,FALSE
214,Notebook Lenovo,1197.89,433,Reallinks,Notebooks,2/19/2024,1184.93,FALSE
215,Notebook Lenovo,1463.85,521,Topiczoom,Notebooks,1/9/2024,706.08,TRUE
216,Microsoft Surface,837.87,61,Livefish,Notebooks,1/25/2024,1127.93,TRUE
217,Microsoft Surface,1080.33,599,Twitterlist,Notebooks,3/18/2024,1075.21,FALSE
218,Notebook Acer,1411.78,771,Voomm,Notebooks,2/2/2024,855.35,FALSE
219,Notebook HP,1153.01,80,Thoughtbridge,Notebooks,1/11/2024,1160.84,FALSE
220,Microsoft Surface,1441.18,571,Quatz,Notebooks,1/19/2024,977.51,TRUE
221,Notebook Dell,1401.59,626,Realbridge,Notebooks,1/5/2024,789.93,FALSE
222,Notebook Dell,1067.37,961,JumpXS,Notebooks,3/29/2024,863.13,TRUE
223,Notebook Lenovo,1457.71,415,Kimia,Notebooks,1/19/2024,871.19,FALSE
224,Notebook Dell,1224.15,733,Divavu,Notebooks,3/29/2024,788.34,TRUE
225,Notebook HP,1370.83,316,Snaptags,Notebooks,3/3/2024,1053.08,TRUE
226,Notebook HP,842.9,219,Feedspan,Notebooks,1/31/2024,1052.28,FALSE
227,MacBook Pro,1057.98,314,Yodo,Notebooks,1/8/2024,789.59,TRUE
228,Notebook Lenovo,997.44,266,Youspan,Notebooks,3/25/2024,1127.13,FALSE
229,Notebook Acer,1007.41,881,Jatri,Notebooks,1/24/2024,785.18,FALSE
230,MacBook Pro,1202.54,459,Quimm,Notebooks,2/8/2024,1130.08,TRUE
231,Notebook HP,1270.57,699,Oyoloo,Notebooks,1/8/2024,817.01,FALSE
232,Notebook Dell,885.37,395,Blogpad,Notebooks,2/3/2024,761.59,TRUE
233,Notebook Lenovo,1086.9,391,Centimia,Notebooks,3/5/2024,874.03,TRUE
234,Microsoft Surface,816.7,348,Thoughtsphere,Notebooks,1/24/2024,915.16,TRUE
235,Microsoft Surface,1050.86,226,Yambee,Notebooks,2/22/2024,773.14,TRUE
236,Notebook HP,1320.89,72,Feedbug,Notebooks,1/17/2024,1076.93,FALSE
237,Notebook Lenovo,1388.69,226,Skipstorm,Notebooks,1/29/2024,1014.51,TRUE
238,Notebook Acer,1497.31,726,Thoughtstorm,Notebooks,1/13/2024,762.24,FALSE
239,Notebook Dell,956.11,314,Meemm,Notebooks,2/7/2024,1088.81,TRUE
240,Notebook Lenovo,1282.59,83,Dablist,Notebooks,1/19/2024,747.48,FALSE
241,MacBook Pro,1437.16,827,Kanoodle,Notebooks,2/4/2024,1194.62,FALSE
242,Microsoft Surface,1077.78,218,Voonder,Notebooks,3/2/2024,746.85,FALSE
243,Notebook Dell,1417.47,127,Tagfeed,Notebooks,3/9/2024,805.79,TRUE
244,Microsoft Surface,937.14,184,Twitterlist,Notebooks,2/26/2024,902.75,FALSE
245,Notebook Dell,1152.45,984,Ozu,Notebooks,1/13/2024,1051.13,TRUE
246,Notebook Acer,1348.27,218,Jaxnation,Notebooks,1/14/2024,816.02,FALSE
247,Microsoft Surface,1185.15,69,Skipfire,Notebooks,1/26/2024,955.96,FALSE
248,Microsoft Surface,1213.14,397,Oyoyo,Notebooks,1/29/2024,910.93,FALSE
249,MacBook Pro,1305.96,883,Skimia,Notebooks,1/1/2024,1174.34,TRUE
250,Notebook Dell,844.88,977,Blogtags,Notebooks,3/12/2024,811.55,TRUE
251,Notebook Dell,1105.48,634,Wordpedia,Notebooks,3/3/2024,979.52,FALSE
252,Notebook Acer,991.35,901,Zoomzone,Notebooks,2/26/2024,987.24,FALSE
253,Notebook HP,1346.84,593,Zoomlounge,Notebooks,3/27/2024,793.92,TRUE
254,Notebook Acer,1474.23,626,Rhyloo,Notebooks,2/14/2024,834.43,TRUE
255,Notebook Lenovo,1400.33,706,Gabtune,Notebooks,3/19/2024,1077.88,TRUE
256,Microsoft Surface,1154.82,805,Mydo,Notebooks,3/6/2024,1094.85,FALSE
257,Notebook Lenovo,1441.16,360,Kwilith,Notebooks,3/18/2024,739.98,FALSE
258,Notebook HP,1439.96,482,Meetz,Notebooks,1/17/2024,1070.85,FALSE
259,Notebook HP,1207.71,910,Voomm,Notebooks,3/17/2024,738.57,TRUE
260,Notebook Acer,1113.58,720,Oyonder,Notebooks,2/29/2024,1179.63,FALSE
261,MacBook Pro,1446.81,837,Tagpad,Notebooks,2/22/2024,1084.7,FALSE
262,Notebook Dell,927.52,809,Skipstorm,Notebooks,1/10/2024,935.94,FALSE
263,Microsoft Surface,1013.92,299,Skipstorm,Notebooks,3/10/2024,886.62,TRUE
264,Notebook Lenovo,1436.31,428,DabZ,Notebooks,2/2/2024,1038.75,TRUE
265,Microsoft Surface,1140.72,691,Skilith,Notebooks,2/15/2024,943.96,TRUE
266,Notebook HP,946.05,757,Meezzy,Notebooks,1/13/2024,1073.38,TRUE
267,MacBook Pro,1267.96,757,Vinte,Notebooks,3/9/2024,820.37,FALSE
268,Notebook HP,1050.52,977,Realfire,Notebooks,2/5/2024,809.57,TRUE
269,Notebook Lenovo,1369.03,639,Meembee,Notebooks,1/8/2024,887.97,FALSE
270,Notebook Dell,1050.14,470,Dynazzy,Notebooks,1/18/2024,824.83,TRUE
271,Microsoft Surface,1245.88,888,Lazzy,Notebooks,2/24/2024,1011.04,FALSE
272,Notebook Dell,1447.5,926,Vitz,Notebooks,1/17/2024,738.09,TRUE
273,Notebook HP,955.31,487,Babblestorm,Notebooks,3/7/2024,766.55,FALSE
274,Notebook Dell,1139.73,560,Flashdog,Notebooks,2/19/2024,783.4,FALSE
275,Notebook HP,1342.18,195,Thoughtstorm,Notebooks,2/1/2024,716.89,TRUE
276,MacBook Pro,1380.29,44,Tekfly,Notebooks,3/25/2024,960.94,TRUE
277,Microsoft Surface,1476.24,582,Leexo,Notebooks,2/26/2024,883.79,TRUE
278,Microsoft Surface,988.55,242,Oozz,Notebooks,2/20/2024,853.16,FALSE
279,Notebook Lenovo,1401.7,95,Leexo,Notebooks,3/13/2024,904.69,FALSE
280,MacBook Pro,1183.89,364,Vinder,Notebooks,2/4/2024,710.71,TRUE
281,Notebook Acer,1482.87,824,Fanoodle,Notebooks,3/4/2024,1001.49,TRUE
282,Microsoft Surface,1313.46,947,Gevee,Notebooks,3/7/2024,1195.33,FALSE
283,Microsoft Surface,800.95,257,Yakidoo,Notebooks,1/27/2024,749.96,FALSE
284,Notebook Lenovo,1361.23,804,Avamba,Notebooks,2/27/2024,726.2,FALSE
285,Notebook Lenovo,1109.61,431,Quimm,Notebooks,2/29/2024,1035.02,TRUE
286,MacBook Pro,1171.96,388,Flipopia,Notebooks,2/23/2024,729.8,TRUE
287,MacBook Pro,1246.95,26,Skidoo,Notebooks,2/11/2024,1115.03,FALSE
288,Notebook Dell,1086.82,596,Aivee,Notebooks,3/20/2024,854.9,TRUE
289,Notebook Acer,1440.14,887,Dabjam,Notebooks,1/4/2024,757.32,TRUE
290,Notebook HP,1246.12,951,Mudo,Notebooks,2/24/2024,710.58,FALSE
291,Notebook HP,853.2,929,Rhynoodle,Notebooks,3/10/2024,841.32,TRUE
292,Notebook Acer,1323.75,241,Oyondu,Notebooks,1/26/2024,1136.45,FALSE
293,Notebook HP,931.25,594,Ooba,Notebooks,3/26/2024,773.66,TRUE
294,Microsoft Surface,1377.83,137,Blogpad,Notebooks,1/1/2024,788.31,FALSE
295,Notebook Lenovo,1012.94,858,Dabtype,Notebooks,2/5/2024,1167.95,TRUE
296,Notebook Acer,976.89,383,Wikizz,Notebooks,2/5/2024,1164.68,TRUE
297,Notebook Lenovo,952.47,762,Snaptags,Notebooks,2/29/2024,1016.93,TRUE
298,MacBook Pro,1356.98,160,Skinder,Notebooks,2/18/2024,802.53,TRUE
299,Microsoft Surface,1311.99,318,Youbridge,Notebooks,2/6/2024,750.79,TRUE
300,Notebook HP,1128.36,227,Gigabox,Notebooks,1/6/2024,782.07,TRUE
301,Microsoft Surface,1006.94,578,Eimbee,Notebooks,2/3/2024,1057.78,TRUE
302,Notebook Acer,1355.58,194,Tagpad,Notebooks,2/14/2024,1037.04,TRUE
303,Notebook Dell,1335.6,91,Eadel,Notebooks,3/23/2024,755.02,TRUE
304,Notebook Lenovo,826.38,532,Zava,Notebooks,2/27/2024,1048.07,FALSE
305,Notebook Acer,1239.49,751,Tagtune,Notebooks,2/7/2024,976.2,TRUE
306,MacBook Pro,1344.89,147,Shufflester,Notebooks,2/25/2024,841.66,TRUE
307,MacBook Pro,886.19,169,Demimbu,Notebooks,3/1/2024,744.57,FALSE
308,Notebook Lenovo,1058.15,51,Fiveclub,Notebooks,3/24/2024,967.84,TRUE
309,Notebook HP,1179.08,145,Zoozzy,Notebooks,2/3/2024,755.06,FALSE
310,Microsoft Surface,1270.44,507,Skidoo,Notebooks,2/14/2024,1172.14,FALSE
311,Notebook Lenovo,1109.76,276,Linkbridge,Notebooks,2/5/2024,1111.84,TRUE
312,Notebook Dell,1201.93,583,Jaxnation,Notebooks,3/21/2024,1106.2,FALSE
313,Notebook Dell,1075.04,386,Divavu,Notebooks,2/3/2024,1132.87,TRUE
314,Microsoft Surface,1040.05,736,Realbridge,Notebooks,3/9/2024,806.93,TRUE
315,Notebook HP,946.42,496,Trilia,Notebooks,1/6/2024,701.23,FALSE
316,MacBook Pro,1432.79,11,Trilia,Notebooks,1/13/2024,1151.43,FALSE
317,Notebook Acer,1108.41,682,Voomm,Notebooks,2/17/2024,825.84,FALSE
318,Notebook Dell,1403.25,22,Tekfly,Notebooks,1/28/2024,738.5,TRUE
319,Notebook Lenovo,1286.86,794,Topiczoom,Notebooks,2/11/2024,1134.95,FALSE
320,Notebook Acer,1490.16,693,Trudoo,Notebooks,3/13/2024,711.08,FALSE
321,MacBook Pro,1012.54,940,Brainsphere,Notebooks,1/8/2024,1015.23,TRUE
322,Notebook HP,811.65,358,Edgepulse,Notebooks,2/16/2024,862.7,TRUE
323,Microsoft Surface,1315.88,956,Thoughtstorm,Notebooks,1/26/2024,769.43,TRUE
324,Notebook Acer,1472.52,745,Pixoboo,Notebooks,2/5/2024,1154.46,FALSE
325,Notebook Dell,1231.24,140,Snaptags,Notebooks,1/22/2024,1189.91,FALSE
326,Notebook Acer,1275.48,333,Livetube,Notebooks,1/30/2024,924.59,FALSE
327,Notebook HP,1031.23,481,Skimia,Notebooks,3/15/2024,767.48,TRUE
328,Notebook HP,892.09,619,Mynte,Notebooks,2/29/2024,1122.1,TRUE
329,Notebook Dell,1423.46,553,Kare,Notebooks,2/16/2024,704.63,FALSE
330,Notebook Lenovo,1433.63,312,Innotype,Notebooks,1/23/2024,881.33,FALSE
331,Notebook Lenovo,1490.82,941,Jayo,Notebooks,1/29/2024,1069.81,TRUE
332,Microsoft Surface,1318.72,175,Blogtags,Notebooks,2/10/2024,948.04,FALSE
333,Notebook Acer,1215.81,891,Flipstorm,Notebooks,1/24/2024,1062.15,TRUE
334,Microsoft Surface,1499.46,592,Flipbug,Notebooks,2/6/2024,1008.85,FALSE
335,MacBook Pro,907.67,690,Kaymbo,Notebooks,1/23/2024,1078.75,FALSE
336,Notebook Lenovo,1246.78,858,Agivu,Notebooks,2/5/2024,942.89,FALSE
337,Notebook Acer,1050.76,944,Aimbo,Notebooks,2/29/2024,841.68,FALSE
338,Microsoft Surface,1100.69,927,Devify,Notebooks,2/11/2024,1043.79,FALSE
339,Notebook Lenovo,914.94,712,Yadel,Notebooks,2/14/2024,1060.42,TRUE
340,Microsoft Surface,1236.9,468,Skimia,Notebooks,2/9/2024,702.71,TRUE
341,Notebook Dell,925.98,215,Ntags,Notebooks,1/15/2024,1163.79,FALSE
342,Notebook Dell,1411.44,375,Oyoba,Notebooks,2/9/2024,1199.47,TRUE
343,Notebook Acer,1126.78,50,Voonyx,Notebooks,2/13/2024,790.11,TRUE
344,Notebook Acer,1246.62,499,Eire,Notebooks,1/12/2024,1011.82,TRUE
345,Notebook Lenovo,1366.68,610,Feedspan,Notebooks,2/6/2024,941.05,TRUE
346,MacBook Pro,1132.06,275,Fadeo,Notebooks,2/9/2024,1175.58,TRUE
347,Notebook Acer,1317.26,592,Demizz,Notebooks,3/7/2024,822.92,FALSE
348,Microsoft Surface,1177.5,895,Thoughtsphere,Notebooks,1/30/2024,719.65,TRUE
349,Notebook Dell,1497.15,21,Gabtune,Notebooks,1/5/2024,1192.91,FALSE
350,MacBook Pro,1119.6,543,Zoonoodle,Notebooks,1/26/2024,791.0,FALSE
351,Notebook Acer,1023.0,649,Skajo,Notebooks,1/4/2024,1124.13,TRUE
352,Notebook Lenovo,1309.71,561,Yata,Notebooks,1/17/2024,1155.47,FALSE
353,MacBook Pro,1371.83,112,Lajo,Notebooks,1/11/2024,901.87,TRUE
354,Notebook Dell,918.13,183,Aimbo,Notebooks,2/24/2024,1167.09,TRUE
355,Notebook Lenovo,815.71,272,Twitternation,Notebooks,1/30/2024,1177.34,FALSE
356,MacBook Pro,1337.45,58,Twitterworks,Notebooks,2/22/2024,873.36,TRUE
357,Notebook Lenovo,1356.59,463,Demimbu,Notebooks,2/2/2024,907.65,TRUE
358,Notebook HP,1411.45,573,Twitterwire,Notebooks,3/7/2024,794.78,TRUE
359,Notebook HP,825.84,921,Twitterwire,Notebooks,1/1/2024,940.77,FALSE
360,Notebook Acer,925.38,611,Npath,Notebooks,2/17/2024,926.65,TRUE
361,Notebook HP,1297.63,867,Realmix,Notebooks,2/26/2024,700.58,FALSE
362,Notebook Dell,1104.73,748,Kwilith,Notebooks,2/26/2024,719.23,FALSE
363,Notebook Lenovo,1243.24,824,Vinder,Notebooks,3/4/2024,814.65,TRUE
364,Notebook Dell,1216.36,392,Kazu,Notebooks,1/17/2024,788.17,TRUE
365,Notebook HP,953.14,549,Mita,Notebooks,1/18/2024,1078.6,FALSE
366,Notebook Dell,1205.24,667,Roomm,Notebooks,1/26/2024,904.29,FALSE
367,Notebook HP,1283.0,668,Voonyx,Notebooks,3/25/2024,977.73,TRUE
368,Microsoft Surface,1314.84,552,Centidel,Notebooks,2/11/2024,896.28,FALSE
369,Notebook Dell,867.76,943,Jazzy,Notebooks,2/6/2024,1081.11,FALSE
370,Notebook Lenovo,1204.95,714,Twitterbridge,Notebooks,1/23/2024,940.05,TRUE
371,Microsoft Surface,1126.66,390,Skyvu,Notebooks,1/3/2024,843.49,TRUE
372,Notebook Acer,967.97,919,Realbridge,Notebooks,2/13/2024,1052.17,TRUE
373,Notebook Acer,912.09,547,Trudeo,Notebooks,3/20/2024,1071.53,TRUE
374,Notebook Lenovo,1267.54,734,Layo,Notebooks,1/4/2024,1163.79,FALSE
375,Notebook HP,1098.19,821,Oozz,Notebooks,3/29/2024,1003.8,TRUE
376,Notebook Dell,1102.0,321,Tagpad,Notebooks,1/6/2024,1182.68,TRUE
377,Notebook HP,816.76,328,Gabtype,Notebooks,2/3/2024,1039.06,TRUE
378,Notebook Dell,1126.35,561,Realblab,Notebooks,2/3/2024,1064.72,FALSE
379,Notebook HP,850.62,373,Voolith,Notebooks,2/26/2024,763.5,FALSE
380,Notebook HP,840.72,976,Mynte,Notebooks,3/17/2024,907.23,FALSE
381,Microsoft Surface,1207.08,861,Tagtune,Notebooks,2/12/2024,910.43,TRUE
382,Notebook Acer,1438.18,143,Blogtag,Notebooks,3/26/2024,777.71,FALSE
383,Notebook Acer,1248.31,595,Fivechat,Notebooks,1/9/2024,967.67,TRUE
384,Notebook HP,1184.08,285,Wordpedia,Notebooks,3/14/2024,845.48,TRUE
385,Microsoft Surface,923.06,798,Kimia,Notebooks,1/4/2024,799.77,FALSE
386,Notebook HP,1336.91,976,Flipbug,Notebooks,1/24/2024,1120.74,TRUE
387,MacBook Pro,1458.58,319,Dynabox,Notebooks,3/29/2024,1065.9,TRUE
388,Notebook Acer,1288.25,6,Zooxo,Notebooks,2/22/2024,1168.68,TRUE
389,Notebook HP,903.42,333,Ainyx,Notebooks,1/30/2024,881.87,TRUE
390,Notebook Acer,873.2,37,Muxo,Notebooks,2/14/2024,805.67,FALSE
391,Notebook Lenovo,900.46,109,Gabtune,Notebooks,1/23/2024,727.54,FALSE
392,Notebook HP,1111.05,73,Oyoba,Notebooks,2/14/2024,989.87,FALSE
393,Microsoft Surface,968.8,241,Twitterlist,Notebooks,1/18/2024,877.94,FALSE
394,Notebook HP,1313.83,246,Viva,Notebooks,1/2/2024,727.63,FALSE
395,MacBook Pro,1430.33,839,Linklinks,Notebooks,2/26/2024,1058.5,TRUE
396,Notebook HP,1151.58,26,Fatz,Notebooks,1/15/2024,784.11,FALSE
397,Notebook Acer,1340.33,37,Youspan,Notebooks,1/15/2024,1100.05,TRUE
398,Notebook Dell,1327.02,638,Jabbersphere,Notebooks,2/15/2024,836.37,TRUE
399,Notebook Dell,833.59,883,Kayveo,Notebooks,2/19/2024,1049.93,FALSE
400,Notebook Lenovo,1080.3,308,Skyba,Notebooks,2/17/2024,833.11,FALSE
401,Notebook Acer,1022.74,362,Mita,Notebooks,2/12/2024,796.17,TRUE
402,Notebook Acer,1474.64,956,Voomm,Notebooks,3/14/2024,877.31,FALSE
403,Notebook HP,1107.51,128,Photobean,Notebooks,2/24/2024,1093.74,TRUE
404,Notebook HP,1185.07,17,Yambee,Notebooks,3/26/2024,712.08,FALSE
405,Notebook Dell,1376.18,922,Twinder,Notebooks,2/25/2024,904.82,FALSE
406,Notebook Acer,1478.25,500,Topicblab,Notebooks,1/18/2024,1018.22,TRUE
407,MacBook Pro,1440.86,236,Kwimbee,Notebooks,2/1/2024,783.48,FALSE
408,Notebook Dell,1363.45,558,Realfire,Notebooks,1/4/2024,1115.64,FALSE
409,Notebook Lenovo,810.12,578,Oyonder,Notebooks,1/16/2024,1068.97,TRUE
410,Notebook HP,1337.86,982,Photobug,Notebooks,3/26/2024,1040.28,TRUE
411,MacBook Pro,1340.86,506,Eimbee,Notebooks,3/17/2024,944.94,TRUE
412,Notebook HP,850.6,87,Plajo,Notebooks,2/20/2024,735.31,FALSE
413,Notebook Dell,1180.28,957,Gigaclub,Notebooks,3/24/2024,978.34,FALSE
414,MacBook Pro,1397.97,831,Latz,Notebooks,1/31/2024,962.49,TRUE
415,Notebook HP,1311.06,451,Vidoo,Notebooks,2/2/2024,794.26,TRUE
416,Notebook HP,959.0,529,Photospace,Notebooks,1/17/2024,880.78,TRUE
417,Notebook Dell,894.16,509,Fliptune,Notebooks,1/9/2024,705.96,FALSE
418,Notebook HP,1004.99,848,Realbuzz,Notebooks,1/6/2024,1144.7,TRUE
419,Notebook Lenovo,1060.37,566,Buzzbean,Notebooks,1/29/2024,778.64,TRUE
420,MacBook Pro,1137.3,957,Mybuzz,Notebooks,3/14/2024,802.16,TRUE
421,Notebook Lenovo,1009.14,800,Divanoodle,Notebooks,1/5/2024,1016.35,TRUE
422,Notebook Dell,903.43,19,Trilia,Notebooks,2/18/2024,792.86,FALSE
423,MacBook Pro,818.0,481,Jabbertype,Notebooks,2/20/2024,1188.05,FALSE
424,Notebook HP,1024.87,162,Livetube,Notebooks,2/18/2024,747.5,TRUE
425,MacBook Pro,963.49,438,Topdrive,Notebooks,2/3/2024,786.45,FALSE
426,Notebook Dell,1078.36,492,Camimbo,Notebooks,2/2/2024,723.75,FALSE
427,Notebook Dell,1021.85,499,Realfire,Notebooks,3/29/2024,1161.83,FALSE
428,MacBook Pro,1360.3,704,Gabvine,Notebooks,1/27/2024,950.9,FALSE
429,Notebook HP,881.16,552,Meevee,Notebooks,3/15/2024,1103.05,TRUE
430,Microsoft Surface,810.74,497,Kwinu,Notebooks,3/12/2024,1072.95,FALSE
431,Notebook Acer,1017.6,835,Youspan,Notebooks,1/4/2024,1146.58,TRUE
432,Notebook Lenovo,1115.5,584,Dynabox,Notebooks,3/6/2024,1047.39,TRUE
433,MacBook Pro,1333.09,144,Eazzy,Notebooks,3/22/2024,707.82,FALSE
434,Microsoft Surface,813.51,696,Yodoo,Notebooks,3/5/2024,956.33,TRUE
435,Notebook Dell,994.57,774,Kayveo,Notebooks,1/30/2024,965.59,TRUE
436,Notebook Lenovo,1226.34,924,Ainyx,Notebooks,1/24/2024,859.76,TRUE
437,Notebook Lenovo,1316.61,578,Layo,Notebooks,3/10/2024,948.2,TRUE
438,Microsoft Surface,1380.01,502,Jazzy,Notebooks,3/9/2024,730.03,TRUE
439,Notebook Acer,1142.45,186,Chatterbridge,Notebooks,2/6/2024,996.16,FALSE
440,Notebook Acer,846.33,776,Meemm,Notebooks,2/9/2024,771.58,TRUE
441,Notebook HP,1007.1,564,Blogspan,Notebooks,3/16/2024,784.77,TRUE
442,Notebook Acer,1101.2,192,Kazio,Notebooks,1/9/2024,706.97,TRUE
443,Notebook Dell,1081.99,200,Wordtune,Notebooks,3/4/2024,959.76,FALSE
444,Notebook Dell,901.14,534,Aimbu,Notebooks,2/27/2024,1000.63,FALSE
445,MacBook Pro,1280.39,442,Oyondu,Notebooks,2/29/2024,742.22,FALSE
446,Notebook Lenovo,1411.8,850,Eare,Notebooks,2/26/2024,1009.91,TRUE
447,Notebook Lenovo,1410.45,470,Tambee,Notebooks,3/23/2024,878.87,FALSE
448,Notebook Dell,1234.65,611,Yabox,Notebooks,2/14/2024,959.15,TRUE
449,Notebook Acer,863.09,647,Photofeed,Notebooks,3/16/2024,1006.47,FALSE
450,Notebook Acer,1290.26,213,Yakitri,Notebooks,3/10/2024,768.79,TRUE
451,MacBook Pro,838.91,399,Devpulse,Notebooks,2/26/2024,984.59,FALSE
452,Notebook Lenovo,1216.16,234,Devshare,Notebooks,1/3/2024,1042.46,FALSE
453,Microsoft Surface,1149.23,902,Wikibox,Notebooks,2/21/2024,840.8,FALSE
454,Notebook HP,952.62,354,Dabjam,Notebooks,2/1/2024,934.62,TRUE
455,MacBook Pro,937.53,946,Flashset,Notebooks,3/12/2024,860.47,TRUE
456,Notebook HP,862.41,21,Eadel,Notebooks,3/6/2024,767.11,TRUE
457,Notebook Lenovo,1221.52,5,Photospace,Notebooks,2/29/2024,1037.07,TRUE
458,Notebook HP,1137.08,757,Topicblab,Notebooks,2/4/2024,950.19,FALSE
459,MacBook Pro,943.32,748,Edgepulse,Notebooks,2/1/2024,795.26,FALSE
460,Microsoft Surface,824.98,128,Ntags,Notebooks,2/17/2024,895.09,TRUE
461,Notebook Acer,1450.48,504,Avavee,Notebooks,3/12/2024,1089.13,TRUE
462,Notebook Lenovo,873.41,227,Ntags,Notebooks,2/18/2024,984.79,FALSE
463,Notebook Lenovo,833.57,286,Dabvine,Notebooks,1/21/2024,818.26,TRUE
464,Notebook Acer,1322.75,496,Realbuzz,Notebooks,2/14/2024,1072.83,TRUE
465,MacBook Pro,1414.74,924,Aivee,Notebooks,1/23/2024,745.22,FALSE
466,Notebook Lenovo,1278.26,868,Layo,Notebooks,3/18/2024,876.35,FALSE
467,MacBook Pro,1074.92,774,Npath,Notebooks,1/6/2024,847.93,FALSE
468,MacBook Pro,1388.87,312,Buzzster,Notebooks,2/29/2024,1150.22,TRUE
469,Notebook Lenovo,1221.4,736,Realcube,Notebooks,3/20/2024,843.87,TRUE
470,MacBook Pro,824.54,593,Tagopia,Notebooks,1/5/2024,1007.89,TRUE
471,Notebook Acer,1417.74,461,Vitz,Notebooks,3/10/2024,717.79,TRUE
472,Notebook HP,1408.28,751,Demizz,Notebooks,3/27/2024,1107.91,FALSE
473,Microsoft Surface,1122.55,80,Realbuzz,Notebooks,2/21/2024,1145.48,FALSE
474,MacBook Pro,825.54,763,Yotz,Notebooks,3/6/2024,994.91,FALSE
475,Notebook Dell,1424.57,880,Tavu,Notebooks,3/18/2024,732.91,TRUE
476,MacBook Pro,1134.21,4,Meezzy,Notebooks,3/10/2024,868.44,FALSE
477,MacBook Pro,1109.49,849,Yakitri,Notebooks,3/15/2024,1179.09,FALSE
478,Notebook Dell,1043.19,13,Layo,Notebooks,1/7/2024,726.27,TRUE
479,Notebook Dell,1226.33,725,Realbridge,Notebooks,1/27/2024,1000.61,FALSE
480,Notebook Acer,1211.06,497,Wikibox,Notebooks,1/23/2024,1034.39,FALSE
481,Notebook Lenovo,981.59,212,Leenti,Notebooks,1/25/2024,814.64,TRUE
482,Notebook HP,1416.37,201,Buzzster,Notebooks,1/1/2024,1098.53,TRUE
483,Notebook HP,1445.52,332,Skipfire,Notebooks,2/25/2024,987.48,TRUE
484,MacBook Pro,1216.18,508,Vipe,Notebooks,3/16/2024,1033.56,TRUE
485,Notebook Dell,1093.6,651,Nlounge,Notebooks,2/22/2024,753.05,TRUE
486,Notebook HP,1317.25,382,Abata,Notebooks,1/18/2024,836.34,TRUE
487,Notebook Lenovo,1035.92,890,Realbridge,Notebooks,3/26/2024,1057.89,FALSE
488,Notebook HP,1324.09,958,Browsedrive,Notebooks,2/29/2024,934.38,FALSE
489,Microsoft Surface,1497.46,481,Topicstorm,Notebooks,2/26/2024,1173.89,TRUE
490,Notebook HP,1018.46,587,Rooxo,Notebooks,1/21/2024,822.82,TRUE
491,Notebook HP,1296.48,798,Centimia,Notebooks,1/17/2024,1119.93,FALSE
492,Notebook Acer,1138.93,499,Dablist,Notebooks,2/15/2024,808.6,FALSE
493,MacBook Pro,1482.32,76,Camimbo,Notebooks,3/11/2024,795.5,TRUE
494,Microsoft Surface,1045.2,875,Innojam,Notebooks,2/26/2024,808.53,TRUE
495,Notebook Dell,1230.64,26,Youtags,Notebooks,3/22/2024,1160.23,TRUE
496,Notebook Lenovo,1370.81,127,Fivespan,Notebooks,1/28/2024,1162.6,FALSE
497,Notebook Dell,1325.95,155,Twitterlist,Notebooks,1/1/2024,1048.52,TRUE
498,Notebook Lenovo,1176.43,761,Chatterpoint,Notebooks,1/31/2024,885.08,TRUE
499,Notebook Dell,1191.35,32,Twitterbeat,Notebooks,2/25/2024,731.52,FALSE
500,Notebook Acer,1328.76,776,Topdrive,Notebooks,3/20/2024,940.51,TRUE
501,Microsoft Surface,1294.82,152,Jabberstorm,Notebooks,3/20/2024,1074.1,FALSE
502,Notebook Acer,1020.08,762,Realpoint,Notebooks,3/25/2024,943.16,FALSE
503,Microsoft Surface,1319.58,68,Thoughtblab,Notebooks,1/24/2024,772.03,TRUE
504,Notebook Dell,1480.88,711,Shufflebeat,Notebooks,1/15/2024,735.67,TRUE
505,MacBook Pro,1212.68,22,Myworks,Notebooks,1/22/2024,779.57,FALSE
506,Notebook HP,1275.31,545,Voomm,Notebooks,2/26/2024,1062.05,TRUE
507,Notebook Lenovo,929.42,969,Pixoboo,Notebooks,2/22/2024,850.73,TRUE
508,MacBook Pro,1329.9,446,Youtags,Notebooks,3/25/2024,771.5,TRUE
509,Notebook Lenovo,1458.54,109,Gigabox,Notebooks,3/15/2024,788.1,TRUE
510,Notebook Dell,1031.21,243,Edgeblab,Notebooks,1/11/2024,1036.45,TRUE
511,MacBook Pro,1442.45,939,Voonix,Notebooks,2/13/2024,715.1,TRUE
512,Notebook Lenovo,1197.83,261,Plambee,Notebooks,2/6/2024,947.05,TRUE
513,Microsoft Surface,1451.46,622,Devcast,Notebooks,3/21/2024,889.6,FALSE
514,MacBook Pro,1056.18,731,Skimia,Notebooks,1/31/2024,907.97,TRUE
515,Notebook Dell,1111.36,279,Jazzy,Notebooks,2/2/2024,707.85,TRUE
516,Notebook Lenovo,1343.84,158,Skyndu,Notebooks,3/19/2024,892.92,TRUE
517,Notebook Lenovo,1242.02,531,Mydo,Notebooks,3/12/2024,1191.89,TRUE
518,Notebook Acer,957.77,806,Wordpedia,Notebooks,3/7/2024,1163.43,FALSE
519,Microsoft Surface,870.36,778,Divape,Notebooks,3/23/2024,901.81,FALSE
520,MacBook Pro,1309.9,294,Tagfeed,Notebooks,3/9/2024,942.71,TRUE
521,MacBook Pro,1313.27,771,Yodo,Notebooks,3/20/2024,984.36,FALSE
522,Notebook Lenovo,1201.46,820,Photobug,Notebooks,1/19/2024,915.95,FALSE
523,Notebook Dell,893.64,31,Vipe,Notebooks,2/16/2024,1060.21,FALSE
524,Notebook Dell,1276.64,252,Centidel,Notebooks,3/20/2024,706.82,FALSE
525,Notebook Acer,1451.45,406,Twimm,Notebooks,2/10/2024,1092.91,FALSE
526,MacBook Pro,1269.21,749,Edgepulse,Notebooks,2/12/2024,781.46,TRUE
527,Notebook Dell,835.01,579,Yodo,Notebooks,1/20/2024,785.53,FALSE
528,Microsoft Surface,1026.66,263,Wordpedia,Notebooks,2/20/2024,816.15,TRUE
529,MacBook Pro,802.58,700,Photobean,Notebooks,3/20/2024,1099.39,FALSE
530,MacBook Pro,1369.23,432,Dynazzy,Notebooks,2/27/2024,1150.54,TRUE
531,Notebook HP,951.41,493,Trilith,Notebooks,2/7/2024,911.87,TRUE
532,Notebook HP,1317.73,70,Jabbercube,Notebooks,2/9/2024,955.83,FALSE
533,MacBook Pro,1396.07,68,Zoombox,Notebooks,1/26/2024,1006.76,TRUE
534,Notebook Acer,1016.79,456,Yozio,Notebooks,1/26/2024,1073.29,FALSE
535,MacBook Pro,1417.44,244,Fliptune,Notebooks,1/17/2024,1046.41,TRUE
536,MacBook Pro,866.84,596,Jetwire,Notebooks,2/14/2024,1189.93,TRUE
537,Notebook Acer,1098.57,509,Roombo,Notebooks,1/28/2024,1059.24,TRUE
538,Notebook Acer,978.68,252,Realcube,Notebooks,1/4/2024,1051.63,FALSE
539,Notebook Lenovo,1357.46,72,Topicware,Notebooks,3/18/2024,954.08,TRUE
540,MacBook Pro,971.07,991,Livetube,Notebooks,2/22/2024,1109.34,TRUE
541,Notebook Dell,953.57,33,Divanoodle,Notebooks,3/8/2024,959.06,TRUE
542,MacBook Pro,939.58,891,Tekfly,Notebooks,3/21/2024,988.19,TRUE
543,Notebook Dell,1499.78,589,Kaymbo,Notebooks,1/8/2024,994.61,FALSE
544,Notebook HP,943.46,830,Roodel,Notebooks,3/15/2024,1023.97,FALSE
545,MacBook Pro,970.48,383,Riffwire,Notebooks,1/19/2024,1085.56,FALSE
546,Notebook Lenovo,888.78,639,Katz,Notebooks,1/30/2024,921.59,FALSE
547,MacBook Pro,1340.62,919,Tagchat,Notebooks,2/2/2024,1181.07,FALSE
548,Notebook Acer,1278.82,188,Photojam,Notebooks,2/27/2024,842.38,FALSE
549,Notebook Lenovo,1127.99,171,Ooba,Notebooks,2/16/2024,764.01,TRUE
550,Notebook Lenovo,1364.99,206,Buzzster,Notebooks,2/16/2024,987.87,FALSE
551,MacBook Pro,1450.54,58,Yakitri,Notebooks,3/30/2024,969.24,TRUE
552,Notebook HP,814.23,33,Tekfly,Notebooks,1/12/2024,928.59,TRUE
553,Notebook Lenovo,1140.48,69,Tazzy,Notebooks,1/23/2024,722.5,TRUE
554,Microsoft Surface,833.97,10,Skivee,Notebooks,2/26/2024,873.2,TRUE
555,Notebook Lenovo,876.45,157,Oyonder,Notebooks,2/13/2024,1027.2,TRUE
556,Notebook Dell,1105.46,610,Minyx,Notebooks,1/9/2024,1025.46,FALSE
557,Notebook Acer,1217.08,389,Wordware,Notebooks,2/24/2024,1041.73,TRUE
558,Notebook HP,1111.36,101,Gevee,Notebooks,3/10/2024,865.01,TRUE
559,MacBook Pro,1068.61,958,Photolist,Notebooks,1/25/2024,1010.49,FALSE
560,Notebook HP,905.31,330,Eamia,Notebooks,3/19/2024,806.03,FALSE
561,Notebook Lenovo,921.66,388,Zooxo,Notebooks,3/14/2024,1009.86,TRUE
562,Notebook Lenovo,1417.62,270,Topiclounge,Notebooks,2/1/2024,1176.44,TRUE
563,Notebook Lenovo,900.14,844,Aimbu,Notebooks,3/29/2024,769.62,FALSE
564,Notebook Acer,1273.87,508,Gigaclub,Notebooks,2/18/2024,1161.17,TRUE
565,Notebook HP,1063.68,21,Katz,Notebooks,2/18/2024,1117.33,FALSE
566,Notebook Acer,1028.02,295,Skyba,Notebooks,1/24/2024,1037.22,TRUE
567,Notebook Lenovo,1400.08,619,Yozio,Notebooks,3/11/2024,871.49,TRUE
568,Notebook Lenovo,1302.66,488,Mycat,Notebooks,1/3/2024,1078.7,TRUE
569,Notebook Acer,1099.05,217,Meembee,Notebooks,3/12/2024,966.58,TRUE
570,Notebook HP,1384.57,276,Ntags,Notebooks,1/19/2024,1007.14,TRUE
571,Notebook HP,1426.06,910,Gigaclub,Notebooks,3/19/2024,1006.41,FALSE
572,MacBook Pro,921.41,546,Omba,Notebooks,2/29/2024,1011.84,FALSE
573,Notebook Lenovo,1115.78,638,Kazu,Notebooks,1/13/2024,768.26,FALSE
574,Notebook Dell,928.04,586,Kaymbo,Notebooks,2/22/2024,1060.87,TRUE
575,Notebook Lenovo,1228.17,990,Jayo,Notebooks,2/10/2024,1082.42,TRUE
576,Notebook Dell,1482.22,256,Vinte,Notebooks,2/4/2024,1004.87,FALSE
577,Notebook Dell,1099.77,947,Skalith,Notebooks,2/27/2024,985.13,TRUE
578,Notebook Acer,1425.16,776,Meedoo,Notebooks,1/9/2024,1133.46,TRUE
579,Microsoft Surface,1498.37,576,Jaxbean,Notebooks,1/28/2024,711.75,FALSE
580,Microsoft Surface,846.34,249,Youopia,Notebooks,3/7/2024,859.3,TRUE
581,Notebook HP,1341.94,47,Gabcube,Notebooks,1/17/2024,1120.81,FALSE
582,Notebook Lenovo,1145.77,8,Kazio,Notebooks,2/13/2024,722.2,TRUE
583,Notebook HP,1242.41,352,Plambee,Notebooks,1/31/2024,1101.86,FALSE
584,MacBook Pro,952.58,12,Babbleblab,Notebooks,2/10/2024,885.03,FALSE
585,Notebook Lenovo,852.09,469,Eayo,Notebooks,1/3/2024,1094.81,FALSE
586,MacBook Pro,1010.36,251,Skinix,Notebooks,1/28/2024,1063.87,TRUE
587,Notebook HP,854.86,640,Riffpedia,Notebooks,3/26/2024,949.72,FALSE
588,Microsoft Surface,913.75,445,Quimm,Notebooks,1/28/2024,1113.93,FALSE
589,Notebook Acer,1034.56,351,Fatz,Notebooks,2/7/2024,803.91,FALSE
590,Microsoft Surface,1249.7,611,Divape,Notebooks,3/23/2024,997.13,FALSE
591,Microsoft Surface,1136.71,317,Divanoodle,Notebooks,3/28/2024,867.97,TRUE
592,Notebook Lenovo,1282.04,229,Gabcube,Notebooks,1/19/2024,925.73,FALSE
593,Microsoft Surface,936.69,140,Edgeify,Notebooks,2/1/2024,849.46,TRUE
594,Notebook HP,1000.99,767,Jabbertype,Notebooks,2/6/2024,755.87,FALSE
595,Microsoft Surface,1181.46,752,Linkbuzz,Notebooks,2/15/2024,884.61,TRUE
596,Notebook Lenovo,1468.2,857,Devpoint,Notebooks,1/13/2024,986.62,FALSE
597,Notebook Dell,1245.5,809,Fliptune,Notebooks,2/27/2024,1025.01,FALSE
598,MacBook Pro,873.24,348,Eire,Notebooks,3/4/2024,1148.95,TRUE
599,Notebook Lenovo,1228.95,367,Twitterbeat,Notebooks,3/1/2024,1120.84,FALSE
600,MacBook Pro,1264.52,374,Innotype,Notebooks,1/2/2024,980.58,TRUE
601,Notebook Acer,1007.55,482,Oloo,Notebooks,1/21/2024,1006.97,TRUE
602,Notebook Dell,953.1,316,Zazio,Notebooks,2/10/2024,714.66,TRUE
603,Notebook HP,838.53,498,Feedfish,Notebooks,2/1/2024,1134.62,TRUE
604,MacBook Pro,1297.51,643,Abata,Notebooks,1/27/2024,1123.99,FALSE
605,Microsoft Surface,1239.75,871,Devpoint,Notebooks,2/29/2024,1066.08,FALSE
606,Microsoft Surface,1046.83,517,Edgeblab,Notebooks,2/5/2024,1147.36,FALSE
607,Notebook Lenovo,1120.98,431,LiveZ,Notebooks,1/19/2024,775.63,FALSE
608,Notebook Acer,991.96,844,Meezzy,Notebooks,2/22/2024,1186.1,FALSE
609,MacBook Pro,1127.14,883,Yacero,Notebooks,3/8/2024,1114.41,TRUE
610,Notebook HP,1160.93,34,Kaymbo,Notebooks,3/29/2024,723.68,TRUE
611,Notebook Dell,1095.34,182,Yata,Notebooks,3/26/2024,923.61,TRUE
612,MacBook Pro,984.42,816,Jabbertype,Notebooks,3/10/2024,730.26,FALSE
613,Notebook Acer,1144.43,191,Babbleopia,Notebooks,2/11/2024,1179.88,TRUE
614,Microsoft Surface,1422.16,998,Gabtune,Notebooks,3/20/2024,842.07,TRUE
615,Notebook Acer,1391.36,710,Jayo,Notebooks,2/26/2024,998.56,FALSE
616,Microsoft Surface,1421.87,461,Voomm,Notebooks,3/22/2024,873.94,FALSE
617,Notebook Lenovo,1011.23,604,Skyba,Notebooks,1/17/2024,1162.18,FALSE
618,Microsoft Surface,1419.83,567,Yambee,Notebooks,3/15/2024,1165.48,FALSE
619,Notebook HP,939.51,462,Flipopia,Notebooks,2/9/2024,979.23,TRUE
620,Notebook Lenovo,837.94,325,Centimia,Notebooks,3/18/2024,1198.9,TRUE
621,Notebook Lenovo,1010.83,381,Wordpedia,Notebooks,1/21/2024,782.86,TRUE
622,MacBook Pro,1123.56,927,Wikizz,Notebooks,3/21/2024,1124.08,FALSE
623,Microsoft Surface,1084.2,382,Bluejam,Notebooks,1/11/2024,1190.03,FALSE
624,Notebook HP,1007.13,376,Edgeblab,Notebooks,2/26/2024,882.67,TRUE
625,MacBook Pro,1275.12,497,Oyondu,Notebooks,1/2/2024,996.42,FALSE
626,Notebook Dell,973.53,594,Chatterpoint,Notebooks,1/25/2024,1070.04,TRUE
627,Notebook Acer,1350.31,406,Feedfire,Notebooks,2/28/2024,839.0,TRUE
628,Notebook Dell,1064.01,811,Wordpedia,Notebooks,2/18/2024,855.16,TRUE
629,Notebook Lenovo,1260.95,132,Skaboo,Notebooks,1/30/2024,1075.83,FALSE
630,Notebook Dell,1044.78,662,Dynabox,Notebooks,1/15/2024,943.81,FALSE
631,MacBook Pro,1080.53,212,Buzzshare,Notebooks,1/16/2024,846.44,TRUE
632,Microsoft Surface,1440.28,893,Dynazzy,Notebooks,1/15/2024,1065.91,TRUE
633,Notebook HP,1107.53,17,Myworks,Notebooks,3/9/2024,720.9,FALSE
634,Notebook Acer,1274.36,420,Dynabox,Notebooks,3/13/2024,1104.06,FALSE
635,Notebook Lenovo,1103.14,54,Jazzy,Notebooks,3/23/2024,981.84,FALSE
636,Notebook Acer,1023.91,389,Zooxo,Notebooks,1/16/2024,808.84,FALSE
637,MacBook Pro,1211.07,724,Lazzy,Notebooks,1/16/2024,916.78,FALSE
638,MacBook Pro,1327.69,130,Aimbo,Notebooks,3/16/2024,1096.1,FALSE
639,Notebook Dell,948.03,850,Skinte,Notebooks,1/6/2024,795.64,FALSE
640,Microsoft Surface,1272.92,246,Rooxo,Notebooks,1/28/2024,930.83,TRUE
641,Notebook Lenovo,1418.91,620,Lajo,Notebooks,2/8/2024,877.83,TRUE
642,Notebook Dell,1229.12,199,Zoombox,Notebooks,1/28/2024,897.48,TRUE
643,Notebook HP,1407.09,925,Agimba,Notebooks,3/17/2024,941.38,FALSE
644,Microsoft Surface,916.3,62,Brightbean,Notebooks,1/30/2024,1018.84,TRUE
645,Notebook Dell,1070.48,36,Fliptune,Notebooks,2/6/2024,802.96,FALSE
646,Notebook Acer,867.16,594,Leexo,Notebooks,3/27/2024,963.34,TRUE
647,Notebook Dell,1272.43,468,Voonix,Notebooks,2/22/2024,866.97,FALSE
648,Notebook HP,1016.55,901,LiveZ,Notebooks,2/2/2024,833.08,TRUE
649,MacBook Pro,1304.44,158,Feedfish,Notebooks,1/25/2024,997.79,TRUE
650,Notebook HP,1413.08,303,Buzzster,Notebooks,1/20/2024,1104.94,TRUE
651,Notebook Acer,1354.39,517,Topicblab,Notebooks,2/17/2024,957.97,TRUE
652,Notebook Acer,1297.37,736,Edgetag,Notebooks,1/28/2024,984.13,TRUE
653,Notebook Acer,1415.94,904,Divape,Notebooks,2/14/2024,1045.84,TRUE
654,Microsoft Surface,1430.45,823,Topdrive,Notebooks,3/26/2024,1137.27,FALSE
655,Notebook HP,1366.57,895,Riffpath,Notebooks,3/24/2024,910.52,FALSE
656,MacBook Pro,1158.07,853,Jaxworks,Notebooks,2/4/2024,908.97,FALSE
657,Notebook Lenovo,1461.32,922,Realpoint,Notebooks,3/5/2024,833.51,TRUE
658,Notebook Lenovo,1001.76,474,Wikido,Notebooks,2/12/2024,808.22,FALSE
659,MacBook Pro,1085.36,136,Kaymbo,Notebooks,2/1/2024,899.23,FALSE
660,Microsoft Surface,1343.26,534,Topicshots,Notebooks,2/25/2024,769.38,TRUE
661,Notebook Lenovo,1405.31,572,Yamia,Notebooks,3/23/2024,841.3,FALSE
662,Notebook Acer,1029.85,579,Photobean,Notebooks,1/31/2024,898.51,FALSE
663,MacBook Pro,1325.35,972,Voomm,Notebooks,3/10/2024,830.08,FALSE
664,Notebook Dell,823.91,691,Dynabox,Notebooks,2/21/2024,1093.99,FALSE
665,Notebook Acer,1450.41,596,Photolist,Notebooks,2/26/2024,976.83,FALSE
666,Notebook Lenovo,1402.04,661,Youopia,Notebooks,2/5/2024,701.07,FALSE
667,Notebook Acer,1022.57,695,Plajo,Notebooks,2/26/2024,1133.19,TRUE
668,Notebook Acer,976.29,731,Skipstorm,Notebooks,3/10/2024,914.24,FALSE
669,Microsoft Surface,818.96,359,Jabbercube,Notebooks,1/1/2024,702.57,FALSE
670,Notebook HP,961.57,635,Voomm,Notebooks,2/4/2024,951.92,FALSE
671,Notebook Acer,1253.43,264,Twitternation,Notebooks,1/2/2024,838.93,TRUE
672,Notebook Lenovo,1003.14,103,Kwilith,Notebooks,1/26/2024,720.64,TRUE
673,Notebook HP,1234.28,241,Meejo,Notebooks,3/15/2024,1073.4,TRUE
674,Notebook Acer,1447.64,455,Rhyloo,Notebooks,1/18/2024,1194.02,FALSE
675,Notebook Acer,1475.27,932,Skyble,Notebooks,3/2/2024,1165.76,TRUE
676,Notebook HP,1403.43,302,Avamba,Notebooks,3/18/2024,756.71,FALSE
677,Notebook HP,892.88,144,Yodel,Notebooks,1/16/2024,893.56,FALSE
678,MacBook Pro,1113.65,744,Centizu,Notebooks,2/14/2024,1156.78,TRUE
679,Notebook HP,866.75,107,Leenti,Notebooks,3/24/2024,775.21,FALSE
680,Microsoft Surface,1189.05,408,Youopia,Notebooks,2/29/2024,933.48,FALSE
681,Notebook Acer,1198.4,408,Edgeclub,Notebooks,3/17/2024,1054.25,TRUE
682,Microsoft Surface,1003.31,417,Skaboo,Notebooks,1/17/2024,718.86,TRUE
683,Notebook Acer,1117.33,492,Quire,Notebooks,3/14/2024,751.25,FALSE
684,Notebook HP,1103.98,953,Rhycero,Notebooks,2/12/2024,997.01,TRUE
685,Notebook Acer,899.56,711,Twimbo,Notebooks,2/5/2024,737.32,FALSE
686,MacBook Pro,900.42,290,Wikido,Notebooks,1/15/2024,1199.64,TRUE
687,MacBook Pro,1102.94,964,Twitterbridge,Notebooks,1/23/2024,966.76,TRUE
688,MacBook Pro,882.93,400,Wordware,Notebooks,3/6/2024,785.43,FALSE
689,Notebook Lenovo,1050.02,838,Mynte,Notebooks,1/2/2024,761.14,TRUE
690,MacBook Pro,1422.27,825,Quatz,Notebooks,2/7/2024,769.79,TRUE
691,Notebook HP,1274.55,123,Meeveo,Notebooks,3/30/2024,1184.43,FALSE
692,Notebook Dell,1466.91,874,Kwinu,Notebooks,3/17/2024,1024.07,TRUE
693,Notebook Acer,1088.95,313,Meetz,Notebooks,1/7/2024,878.29,TRUE
694,Notebook HP,1489.11,765,Rhyloo,Notebooks,1/23/2024,1022.2,FALSE
695,MacBook Pro,850.01,723,Browsecat,Notebooks,3/8/2024,1086.84,TRUE
696,Notebook Lenovo,870.88,707,Skyble,Notebooks,2/11/2024,1041.59,FALSE
697,Notebook Acer,1085.23,421,Thoughtbeat,Notebooks,3/2/2024,905.7,TRUE
698,Microsoft Surface,879.06,751,Bluejam,Notebooks,1/6/2024,1170.43,FALSE
699,Notebook HP,1030.23,568,Gigaclub,Notebooks,1/19/2024,1183.17,FALSE
700,Notebook Lenovo,1043.27,564,Divavu,Notebooks,3/19/2024,1199.24,TRUE
701,Notebook Acer,1152.99,698,Zooveo,Notebooks,2/14/2024,942.02,FALSE
702,Notebook Lenovo,1491.2,500,Photobean,Notebooks,3/19/2024,766.21,FALSE
703,Notebook Dell,1446.42,868,Jabbercube,Notebooks,2/10/2024,1111.99,TRUE
704,Notebook Lenovo,1178.02,701,Topiczoom,Notebooks,2/1/2024,901.58,TRUE
705,Notebook Dell,1336.09,728,Camimbo,Notebooks,3/26/2024,1039.36,TRUE
706,MacBook Pro,817.45,28,Devcast,Notebooks,1/7/2024,790.85,FALSE
707,Notebook Lenovo,1139.87,440,BlogXS,Notebooks,2/23/2024,1109.04,FALSE
708,Notebook Dell,1205.64,991,Leenti,Notebooks,2/20/2024,935.95,TRUE
709,Notebook Acer,875.84,698,Ntags,Notebooks,2/27/2024,760.37,TRUE
710,Notebook Acer,1360.73,177,Edgeclub,Notebooks,2/11/2024,1146.46,FALSE
711,Notebook HP,1264.04,538,Zoomzone,Notebooks,3/29/2024,1115.43,TRUE
712,Notebook Acer,1328.8,978,Tagtune,Notebooks,1/1/2024,1059.99,FALSE
713,Microsoft Surface,997.85,186,Vipe,Notebooks,3/29/2024,1197.37,FALSE
714,Notebook Acer,805.38,938,Jaxworks,Notebooks,3/2/2024,946.34,TRUE
715,Notebook Lenovo,1408.37,954,Divavu,Notebooks,3/10/2024,1002.26,TRUE
716,Notebook HP,1039.23,942,Mynte,Notebooks,2/11/2024,1018.41,FALSE
717,Notebook Dell,883.29,211,Realblab,Notebooks,1/24/2024,981.97,FALSE
718,Microsoft Surface,976.33,103,Flashset,Notebooks,3/4/2024,942.39,FALSE
719,Notebook Acer,851.4,326,Thoughtmix,Notebooks,3/25/2024,1196.87,TRUE
720,MacBook Pro,1293.04,14,Livetube,Notebooks,2/3/2024,965.33,FALSE
721,Notebook HP,1010.21,866,Tambee,Notebooks,2/1/2024,743.63,TRUE
722,Microsoft Surface,1082.8,3,Voolia,Notebooks,3/21/2024,1053.6,FALSE
723,Notebook Acer,1346.86,175,Eidel,Notebooks,3/21/2024,726.3,TRUE
724,Notebook Lenovo,823.44,342,Leexo,Notebooks,2/10/2024,1098.49,FALSE
725,Notebook HP,1201.51,289,Agivu,Notebooks,1/30/2024,1063.05,TRUE
726,Notebook HP,982.91,230,Bluezoom,Notebooks,1/9/2024,1075.15,TRUE
727,Notebook Dell,1466.14,989,Meetz,Notebooks,2/15/2024,1023.35,FALSE
728,MacBook Pro,1310.06,321,Lajo,Notebooks,3/11/2024,852.36,FALSE
729,MacBook Pro,1339.44,592,Skyndu,Notebooks,2/14/2024,1142.28,TRUE
730,Notebook Acer,1180.05,359,Zoomdog,Notebooks,1/31/2024,774.94,FALSE
731,Notebook Dell,1190.6,961,Zoombox,Notebooks,2/17/2024,736.51,TRUE
732,MacBook Pro,1234.67,586,Bluejam,Notebooks,2/4/2024,1000.39,TRUE
733,Notebook HP,1121.59,713,Bubblebox,Notebooks,1/28/2024,860.94,FALSE
734,Notebook Lenovo,1463.79,16,Flashset,Notebooks,1/3/2024,992.27,FALSE
735,Notebook Dell,1132.72,515,Ozu,Notebooks,3/1/2024,814.21,FALSE
736,Microsoft Surface,1305.19,356,Riffpath,Notebooks,2/26/2024,869.46,FALSE
737,Notebook Acer,1451.12,324,Youopia,Notebooks,1/11/2024,943.06,FALSE
738,Notebook Lenovo,1290.87,607,Feedfish,Notebooks,3/16/2024,941.11,TRUE
739,Microsoft Surface,1404.75,24,Innotype,Notebooks,2/23/2024,752.11,TRUE
740,Notebook Lenovo,1081.05,445,Shufflester,Notebooks,3/25/2024,1029.09,FALSE
741,MacBook Pro,1203.8,915,Topicstorm,Notebooks,2/18/2024,1029.66,TRUE
742,Notebook Dell,1483.7,724,Izio,Notebooks,1/12/2024,912.85,FALSE
743,Notebook Lenovo,1393.0,816,Browsedrive,Notebooks,2/29/2024,958.23,FALSE
744,Notebook HP,941.26,795,Youbridge,Notebooks,3/2/2024,1015.19,FALSE
745,Notebook HP,972.32,247,Gabtype,Notebooks,1/18/2024,743.8,FALSE
746,Notebook Acer,1419.85,729,Gigashots,Notebooks,3/17/2024,812.89,TRUE
747,MacBook Pro,1454.76,449,Eabox,Notebooks,1/25/2024,891.05,FALSE
748,Notebook Acer,1419.2,655,Fivebridge,Notebooks,1/26/2024,702.38,FALSE
749,Notebook Dell,878.0,256,Buzzbean,Notebooks,1/15/2024,764.86,TRUE
750,Notebook Lenovo,1250.86,933,Muxo,Notebooks,2/16/2024,713.74,TRUE
751,Notebook HP,1124.88,332,Skidoo,Notebooks,3/4/2024,986.89,FALSE
752,Notebook Lenovo,1470.3,371,Brainverse,Notebooks,2/10/2024,1178.46,TRUE
753,Notebook HP,1217.32,791,Eare,Notebooks,2/26/2024,1151.13,FALSE
754,Notebook Acer,1087.32,795,Browsebug,Notebooks,2/6/2024,865.07,TRUE
755,Notebook Lenovo,1181.5,514,Skiba,Notebooks,3/13/2024,1038.96,FALSE
756,Notebook Dell,999.16,143,Yodoo,Notebooks,2/24/2024,701.61,FALSE
757,Microsoft Surface,1454.09,698,Pixoboo,Notebooks,1/30/2024,1142.58,FALSE
758,Notebook HP,1013.74,791,Eadel,Notebooks,2/19/2024,1017.76,FALSE
759,Notebook Acer,1212.3,95,Photobug,Notebooks,3/9/2024,1096.41,TRUE
760,MacBook Pro,917.87,384,Voonyx,Notebooks,3/21/2024,706.8,FALSE
761,Notebook Dell,898.33,71,Kwimbee,Notebooks,2/22/2024,1103.73,TRUE
762,Microsoft Surface,1484.42,388,Linkbridge,Notebooks,3/1/2024,1131.6,FALSE
763,Notebook Dell,1493.6,473,Shuffletag,Notebooks,2/15/2024,983.14,TRUE
764,Microsoft Surface,1253.81,748,Devpulse,Notebooks,1/13/2024,823.5,FALSE
765,Notebook Dell,1335.43,228,Gigazoom,Notebooks,3/1/2024,1011.42,FALSE
766,Notebook Acer,856.8,427,Ozu,Notebooks,1/1/2024,1045.12,FALSE
767,Notebook HP,1353.6,437,Riffwire,Notebooks,2/11/2024,1132.33,TRUE
768,Notebook Lenovo,1018.01,82,Feedmix,Notebooks,2/21/2024,1135.0,TRUE
769,Notebook Acer,1432.05,738,Yodoo,Notebooks,1/18/2024,717.85,TRUE
770,MacBook Pro,1350.06,331,Mydo,Notebooks,1/11/2024,973.74,FALSE
771,Notebook Lenovo,954.62,342,Talane,Notebooks,1/26/2024,1164.91,FALSE
772,Notebook Dell,1021.99,324,Youtags,Notebooks,3/14/2024,1151.96,TRUE
773,Notebook Acer,1250.6,151,Snaptags,Notebooks,2/14/2024,863.15,FALSE
774,Notebook HP,1241.8,76,Kazu,Notebooks,2/5/2024,709.63,FALSE
775,Notebook HP,1359.22,725,Gabspot,Notebooks,3/24/2024,714.49,FALSE
776,Notebook HP,1014.55,11,Yodoo,Notebooks,3/18/2024,1177.2,FALSE
777,Notebook HP,911.14,964,Browsebug,Notebooks,1/13/2024,1107.1,TRUE
778,Microsoft Surface,1234.44,262,Vipe,Notebooks,1/16/2024,986.51,TRUE
779,Notebook Acer,1448.24,432,Camimbo,Notebooks,3/25/2024,887.02,TRUE
780,Notebook Acer,1187.05,689,Centidel,Notebooks,2/21/2024,1070.57,TRUE
781,Notebook HP,996.08,640,Leenti,Notebooks,2/10/2024,713.76,TRUE
782,Notebook HP,1420.02,949,Browsebug,Notebooks,3/26/2024,850.08,FALSE
783,Notebook Dell,848.23,651,Oloo,Notebooks,2/15/2024,924.68,FALSE
784,Notebook Dell,876.38,672,Yadel,Notebooks,3/1/2024,758.27,TRUE
785,Microsoft Surface,1420.65,646,Topiczoom,Notebooks,1/18/2024,705.72,TRUE
786,Microsoft Surface,1494.04,997,Bluezoom,Notebooks,1/8/2024,1067.26,FALSE
787,Notebook Acer,1135.58,974,Mydo,Notebooks,3/5/2024,1170.27,FALSE
788,Notebook Dell,823.49,225,Kazu,Notebooks,1/5/2024,926.93,TRUE
789,MacBook Pro,1005.52,454,Riffwire,Notebooks,3/27/2024,1176.49,TRUE
790,MacBook Pro,865.58,908,Oodoo,Notebooks,3/21/2024,1074.89,FALSE
791,Notebook HP,1453.35,853,Skipfire,Notebooks,3/19/2024,786.47,TRUE
792,Notebook Lenovo,990.12,580,Ntags,Notebooks,2/24/2024,1128.3,TRUE
793,Microsoft Surface,1316.84,725,Skinte,Notebooks,1/7/2024,1000.03,FALSE
794,Notebook Acer,1284.86,968,Talane,Notebooks,1/22/2024,786.7,FALSE
795,Notebook Dell,1373.74,609,Omba,Notebooks,3/15/2024,738.99,TRUE
796,Notebook Dell,1458.44,739,Topiczoom,Notebooks,3/9/2024,795.76,TRUE
797,Notebook Dell,817.48,821,Thoughtmix,Notebooks,2/18/2024,775.37,TRUE
798,MacBook Pro,1189.59,644,Brightbean,Notebooks,2/21/2024,998.63,FALSE
799,Notebook Dell,1131.9,580,Blogspan,Notebooks,3/24/2024,1078.79,TRUE
800,Microsoft Surface,1240.31,552,Linkbuzz,Notebooks,3/8/2024,781.65,FALSE
801,MacBook Pro,1169.46,317,Blogtags,Notebooks,2/23/2024,1064.59,FALSE
802,Notebook Lenovo,990.91,502,Flipbug,Notebooks,2/19/2024,893.99,FALSE
803,Microsoft Surface,1051.26,646,Youbridge,Notebooks,3/3/2024,763.36,FALSE
804,Notebook HP,1300.91,361,Photobug,Notebooks,1/5/2024,1169.94,FALSE
805,Notebook Lenovo,990.99,157,Yotz,Notebooks,3/13/2024,1099.26,FALSE
806,Microsoft Surface,836.31,776,Divavu,Notebooks,3/2/2024,958.86,FALSE
807,Notebook Dell,1116.75,519,Youspan,Notebooks,3/23/2024,1000.53,FALSE
808,Notebook HP,1211.46,401,Realfire,Notebooks,1/19/2024,996.72,TRUE
809,Notebook Acer,1255.1,89,Tagtune,Notebooks,1/26/2024,748.28,FALSE
810,Notebook Lenovo,876.47,522,Jabbersphere,Notebooks,3/4/2024,988.21,FALSE
811,Notebook Lenovo,1436.68,146,Babbleblab,Notebooks,3/1/2024,847.37,TRUE
812,Notebook Dell,944.66,103,Divavu,Notebooks,2/21/2024,721.95,FALSE
813,MacBook Pro,1055.77,586,Innojam,Notebooks,3/13/2024,1065.82,FALSE
814,Notebook Lenovo,1435.65,13,Skalith,Notebooks,3/9/2024,742.32,FALSE
815,Microsoft Surface,1161.6,555,Quimm,Notebooks,1/24/2024,1143.17,FALSE
816,Notebook Lenovo,1003.65,458,Oozz,Notebooks,2/23/2024,832.38,TRUE
817,Notebook Dell,1376.02,977,Agivu,Notebooks,1/24/2024,994.22,TRUE
818,Notebook Acer,1488.0,357,BlogXS,Notebooks,3/8/2024,750.86,TRUE
819,MacBook Pro,1393.85,44,Fliptune,Notebooks,1/31/2024,877.33,FALSE
820,Microsoft Surface,1380.84,556,Yata,Notebooks,2/16/2024,745.43,TRUE
821,Notebook HP,1043.82,633,Roodel,Notebooks,1/23/2024,1020.26,TRUE
822,Microsoft Surface,1426.82,251,Meevee,Notebooks,3/16/2024,1169.55,TRUE
823,Microsoft Surface,801.89,130,LiveZ,Notebooks,3/26/2024,1106.27,TRUE
824,Notebook Lenovo,1008.81,713,Kwinu,Notebooks,1/17/2024,912.77,TRUE
825,Microsoft Surface,1248.14,451,Fadeo,Notebooks,3/25/2024,954.7,TRUE
826,Notebook HP,1201.52,103,Yodel,Notebooks,2/12/2024,891.68,FALSE
827,Notebook Acer,1395.88,403,Edgeblab,Notebooks,1/31/2024,706.17,TRUE
828,MacBook Pro,1360.79,7,Zooveo,Notebooks,1/14/2024,1067.18,FALSE
829,Notebook Lenovo,1391.48,92,Flashdog,Notebooks,2/17/2024,821.36,FALSE
830,Notebook Acer,1133.36,763,Realcube,Notebooks,2/1/2024,969.52,TRUE
831,Microsoft Surface,1443.36,582,Demizz,Notebooks,2/17/2024,1012.45,TRUE
832,MacBook Pro,1050.66,586,Zooveo,Notebooks,3/21/2024,922.38,FALSE
833,Notebook Lenovo,839.81,41,Mynte,Notebooks,2/10/2024,700.36,TRUE
834,MacBook Pro,977.53,737,Fivechat,Notebooks,1/12/2024,876.66,TRUE
835,Microsoft Surface,889.3,905,Jaxbean,Notebooks,3/9/2024,1127.53,TRUE
836,MacBook Pro,884.53,755,Centizu,Notebooks,3/20/2024,1168.73,TRUE
837,Notebook Dell,958.79,521,Reallinks,Notebooks,2/25/2024,1023.01,TRUE
838,Notebook Dell,1237.44,909,BlogXS,Notebooks,2/3/2024,1035.87,TRUE
839,Notebook Lenovo,1059.27,272,Zazio,Notebooks,3/15/2024,741.62,TRUE
840,Notebook Dell,1406.51,658,Twimbo,Notebooks,3/13/2024,1193.52,FALSE
841,Notebook Acer,1135.71,117,Shuffletag,Notebooks,1/31/2024,1170.1,FALSE
842,Notebook HP,1435.77,201,Gabvine,Notebooks,1/23/2024,953.13,TRUE
843,Notebook Acer,1223.52,285,Skiptube,Notebooks,2/21/2024,1148.03,TRUE
844,Notebook Lenovo,1277.47,491,Yambee,Notebooks,2/29/2024,771.96,FALSE
845,Microsoft Surface,1147.53,12,Gigashots,Notebooks,3/7/2024,800.28,TRUE
846,MacBook Pro,840.91,474,Edgeify,Notebooks,1/30/2024,861.17,TRUE
847,Notebook Lenovo,1072.31,301,Zoomlounge,Notebooks,2/21/2024,934.91,FALSE
848,Microsoft Surface,933.96,724,Reallinks,Notebooks,1/6/2024,932.78,TRUE
849,Microsoft Surface,1131.26,761,Ainyx,Notebooks,2/26/2024,993.65,TRUE
850,Microsoft Surface,983.89,509,Edgeclub,Notebooks,3/4/2024,916.02,TRUE
851,Notebook Dell,1010.22,379,Eadel,Notebooks,2/7/2024,856.57,TRUE
852,MacBook Pro,1043.02,855,Realfire,Notebooks,3/18/2024,924.4,FALSE
853,Notebook Acer,941.92,383,Skipfire,Notebooks,1/13/2024,834.87,TRUE
854,Notebook HP,1182.43,337,Brainsphere,Notebooks,3/26/2024,813.51,TRUE
855,Notebook Acer,882.17,499,Jabbertype,Notebooks,1/9/2024,705.01,TRUE
856,Microsoft Surface,982.09,146,Katz,Notebooks,3/6/2024,1050.88,TRUE
857,MacBook Pro,1380.84,260,Innojam,Notebooks,3/3/2024,792.63,FALSE
858,MacBook Pro,917.89,314,Dabvine,Notebooks,2/14/2024,719.31,TRUE
859,Notebook Lenovo,1017.08,574,Quaxo,Notebooks,2/23/2024,943.2,TRUE
860,Notebook Lenovo,823.82,255,Viva,Notebooks,2/19/2024,1074.03,TRUE
861,Microsoft Surface,893.13,697,Riffwire,Notebooks,3/9/2024,953.32,TRUE
862,Notebook HP,1124.91,168,Flipbug,Notebooks,3/21/2024,745.25,FALSE
863,Notebook Lenovo,1061.82,126,Skiptube,Notebooks,3/27/2024,796.52,FALSE
864,MacBook Pro,1258.8,7,Skinte,Notebooks,1/11/2024,903.9,FALSE
865,Notebook HP,1247.6,655,Cogilith,Notebooks,1/22/2024,847.12,TRUE
866,MacBook Pro,1301.22,506,Centidel,Notebooks,3/13/2024,993.29,FALSE
867,MacBook Pro,1259.07,773,JumpXS,Notebooks,2/2/2024,836.36,FALSE
868,Microsoft Surface,858.09,759,Blogtags,Notebooks,3/13/2024,744.36,TRUE
869,MacBook Pro,809.98,356,Kwimbee,Notebooks,2/14/2024,773.27,FALSE
870,MacBook Pro,1100.82,344,Brainverse,Notebooks,2/20/2024,771.68,FALSE
871,Notebook HP,952.58,76,Digitube,Notebooks,3/3/2024,819.38,FALSE
872,Notebook Dell,868.94,169,Eazzy,Notebooks,1/18/2024,1155.97,FALSE
873,Microsoft Surface,1469.27,319,Quinu,Notebooks,1/2/2024,775.99,FALSE
874,Notebook Acer,1302.91,88,Skipstorm,Notebooks,2/25/2024,1046.22,FALSE
875,MacBook Pro,1310.01,279,Meevee,Notebooks,2/26/2024,881.84,TRUE
876,Notebook Dell,1474.59,629,Feedmix,Notebooks,2/24/2024,856.08,TRUE
877,Notebook Dell,1209.19,411,Flashpoint,Notebooks,1/2/2024,903.34,TRUE
878,MacBook Pro,1113.56,834,Devshare,Notebooks,2/10/2024,735.49,FALSE
879,Notebook Acer,1414.23,999,Wordify,Notebooks,1/25/2024,861.04,TRUE
880,Notebook Dell,1190.54,115,Meevee,Notebooks,1/28/2024,881.69,TRUE
881,Notebook Lenovo,956.07,223,Gigazoom,Notebooks,1/29/2024,706.43,TRUE
882,Microsoft Surface,1471.68,585,Skipfire,Notebooks,1/2/2024,1002.73,FALSE
883,Notebook Lenovo,1028.76,812,Yakidoo,Notebooks,1/23/2024,966.95,TRUE
884,Notebook HP,945.09,933,Eadel,Notebooks,1/25/2024,1188.47,FALSE
885,MacBook Pro,945.46,515,Talane,Notebooks,1/17/2024,779.68,FALSE
886,MacBook Pro,960.38,529,Trudeo,Notebooks,3/29/2024,1025.84,FALSE
887,Notebook Lenovo,1375.42,197,Topicware,Notebooks,1/6/2024,977.18,TRUE
888,MacBook Pro,1447.81,34,Quinu,Notebooks,1/17/2024,728.15,TRUE
889,Notebook Dell,892.12,804,Skyba,Notebooks,1/30/2024,702.4,TRUE
890,MacBook Pro,1162.26,449,Skinix,Notebooks,3/30/2024,1033.47,FALSE
891,Notebook HP,1391.7,899,Flipstorm,Notebooks,3/26/2024,1072.63,TRUE
892,Microsoft Surface,912.73,538,Meevee,Notebooks,3/24/2024,1120.34,FALSE
893,Notebook Acer,1255.95,693,Kayveo,Notebooks,2/24/2024,807.37,TRUE
894,Notebook Acer,1041.74,149,Gabvine,Notebooks,1/17/2024,1119.99,TRUE
895,Notebook HP,1002.44,80,Riffwire,Notebooks,3/20/2024,1166.95,TRUE
896,Microsoft Surface,1404.3,63,Livetube,Notebooks,3/10/2024,984.08,TRUE
897,Notebook HP,1211.8,95,Mydo,Notebooks,2/1/2024,755.48,FALSE
898,Notebook Acer,1114.95,528,Twitterwire,Notebooks,3/25/2024,1174.98,FALSE
899,Notebook Lenovo,1026.93,358,Skajo,Notebooks,1/25/2024,717.78,TRUE
900,Notebook Dell,1244.97,417,Oyonder,Notebooks,2/17/2024,955.42,TRUE
901,Notebook Acer,819.61,135,Jabbersphere,Notebooks,3/4/2024,947.69,FALSE
902,MacBook Pro,1224.62,815,Photospace,Notebooks,2/23/2024,1039.06,TRUE
903,Notebook Acer,1130.24,986,Voonix,Notebooks,1/29/2024,739.48,TRUE
904,MacBook Pro,1493.04,675,Viva,Notebooks,3/1/2024,735.99,TRUE
905,Notebook Dell,987.95,806,Voomm,Notebooks,3/7/2024,986.48,TRUE
906,Notebook Lenovo,1224.02,867,Camimbo,Notebooks,1/8/2024,972.76,FALSE
907,MacBook Pro,1418.73,516,Realcube,Notebooks,2/8/2024,1093.61,FALSE
908,Notebook Acer,1467.57,529,Einti,Notebooks,1/6/2024,1011.08,TRUE
909,Notebook Acer,1458.3,504,Skinix,Notebooks,2/29/2024,794.28,FALSE
910,Notebook Dell,1447.95,687,Kayveo,Notebooks,1/26/2024,1158.15,TRUE
911,Notebook Dell,1155.41,756,Avavee,Notebooks,1/10/2024,815.62,TRUE
912,MacBook Pro,1224.4,680,Zoomcast,Notebooks,3/4/2024,1172.31,TRUE
913,Microsoft Surface,1154.52,700,Twitterlist,Notebooks,1/27/2024,1004.61,TRUE
914,Notebook HP,1433.89,224,Quimba,Notebooks,2/15/2024,999.25,TRUE
915,Notebook Dell,1192.78,962,Aimbo,Notebooks,2/19/2024,1134.05,FALSE
916,Notebook HP,1097.15,920,Yacero,Notebooks,1/25/2024,800.86,FALSE
917,Notebook Lenovo,1343.43,615,Browsetype,Notebooks,3/29/2024,940.45,TRUE
918,Microsoft Surface,1070.88,995,Dynava,Notebooks,2/20/2024,1109.16,TRUE
919,MacBook Pro,856.36,127,Zoonder,Notebooks,2/23/2024,845.19,TRUE
920,Notebook HP,925.51,103,Babbleset,Notebooks,1/6/2024,1130.03,FALSE
921,Notebook Lenovo,952.06,170,Riffwire,Notebooks,2/3/2024,811.1,FALSE
922,MacBook Pro,827.76,489,Meembee,Notebooks,1/29/2024,989.82,TRUE
923,Notebook HP,1082.58,63,Quaxo,Notebooks,3/17/2024,897.83,FALSE
924,Notebook Dell,1184.49,375,Brainverse,Notebooks,3/11/2024,965.88,FALSE
925,MacBook Pro,1165.54,483,Tavu,Notebooks,1/22/2024,829.31,TRUE
926,Notebook Lenovo,1424.84,240,Tagtune,Notebooks,3/28/2024,753.75,FALSE
927,Microsoft Surface,1416.18,138,Zoombeat,Notebooks,1/1/2024,779.71,FALSE
928,Notebook Dell,877.54,25,Jaxspan,Notebooks,1/26/2024,718.44,FALSE
929,Notebook HP,1325.08,719,Oyoloo,Notebooks,1/2/2024,916.85,FALSE
930,Notebook HP,1088.71,6,Dabvine,Notebooks,3/18/2024,742.46,FALSE
931,Notebook Lenovo,1022.98,525,Wordware,Notebooks,1/13/2024,1195.0,FALSE
932,Microsoft Surface,886.26,567,Yata,Notebooks,1/1/2024,912.52,FALSE
933,MacBook Pro,1333.77,898,Avamm,Notebooks,3/7/2024,1117.86,FALSE
934,Microsoft Surface,1086.54,786,Tagtune,Notebooks,2/28/2024,1183.4,FALSE
935,Microsoft Surface,1179.67,796,Yozio,Notebooks,1/8/2024,881.74,FALSE
936,Notebook Acer,1153.48,259,Skivee,Notebooks,3/12/2024,701.68,TRUE
937,Notebook Acer,1181.02,735,Livefish,Notebooks,1/9/2024,778.67,TRUE
938,Notebook Acer,1066.44,804,Ainyx,Notebooks,2/9/2024,1078.49,TRUE
939,MacBook Pro,993.74,523,Izio,Notebooks,1/6/2024,1089.94,FALSE
940,Microsoft Surface,1113.95,670,Trilia,Notebooks,3/26/2024,1169.62,FALSE
941,Notebook Acer,1071.67,542,Flashspan,Notebooks,3/1/2024,806.6,TRUE
942,Notebook Lenovo,1207.11,32,Babbleset,Notebooks,2/24/2024,707.32,FALSE
943,MacBook Pro,1227.01,735,Eadel,Notebooks,1/14/2024,939.06,FALSE
944,Notebook Acer,947.53,20,Zoombox,Notebooks,2/2/2024,887.58,FALSE
945,Notebook HP,1039.83,16,Riffwire,Notebooks,3/24/2024,1012.13,FALSE
946,Microsoft Surface,835.63,151,Yabox,Notebooks,1/9/2024,1179.37,FALSE
947,Microsoft Surface,872.55,757,Photolist,Notebooks,3/23/2024,1064.08,FALSE
948,Notebook Lenovo,1238.96,222,Feedfire,Notebooks,3/7/2024,869.11,TRUE
949,Notebook Lenovo,1036.46,641,Twitterworks,Notebooks,2/19/2024,1074.8,FALSE
950,Notebook Acer,961.22,937,Jabbersphere,Notebooks,1/1/2024,1016.64,TRUE
951,Notebook HP,1433.93,355,Riffpedia,Notebooks,1/15/2024,874.41,FALSE
952,Notebook Acer,884.13,295,Oyonder,Notebooks,2/15/2024,1048.56,TRUE
953,Notebook HP,1172.13,773,Browsecat,Notebooks,1/27/2024,878.66,TRUE
954,Notebook Dell,1427.68,211,Dablist,Notebooks,2/26/2024,1087.08,TRUE
955,Notebook Lenovo,1357.52,45,Topicstorm,Notebooks,3/11/2024,1131.12,FALSE
956,MacBook Pro,919.8,839,Realbuzz,Notebooks,2/11/2024,851.62,FALSE
957,MacBook Pro,1168.39,253,Roodel,Notebooks,2/5/2024,944.12,FALSE
958,Notebook Lenovo,958.91,191,Yotz,Notebooks,3/17/2024,1061.47,TRUE
959,Notebook Dell,1405.63,835,Kaymbo,Notebooks,1/18/2024,780.53,TRUE
960,Notebook HP,1119.66,947,Wordware,Notebooks,1/29/2024,806.33,FALSE
961,Notebook Lenovo,1256.26,139,Centizu,Notebooks,1/1/2024,937.86,FALSE
962,MacBook Pro,1385.67,396,Geba,Notebooks,1/27/2024,731.99,FALSE
963,Notebook Acer,1014.33,819,Kaymbo,Notebooks,3/28/2024,1074.43,FALSE
964,Notebook Dell,1191.6,30,Cogilith,Notebooks,2/5/2024,1150.78,TRUE
965,Notebook Acer,918.12,261,Eamia,Notebooks,1/9/2024,771.8,FALSE
966,Notebook Dell,878.67,73,Skaboo,Notebooks,2/21/2024,702.66,TRUE
967,MacBook Pro,973.3,874,Trilith,Notebooks,3/12/2024,836.72,FALSE
968,Notebook Dell,874.34,104,Fivechat,Notebooks,2/25/2024,1170.66,FALSE
969,MacBook Pro,1034.17,28,Gabtune,Notebooks,2/8/2024,1027.61,FALSE
970,MacBook Pro,1095.76,948,Ooba,Notebooks,2/28/2024,840.74,TRUE
971,Notebook Acer,959.15,709,Ooba,Notebooks,2/20/2024,960.85,TRUE
972,Notebook Dell,1411.33,817,Livepath,Notebooks,3/27/2024,1188.35,FALSE
973,MacBook Pro,1185.28,75,Zooveo,Notebooks,3/9/2024,1030.58,FALSE
974,Notebook Lenovo,1482.23,772,Skiptube,Notebooks,3/9/2024,811.6,FALSE
975,Notebook Lenovo,854.84,607,Gevee,Notebooks,1/22/2024,841.46,TRUE
976,Microsoft Surface,1444.33,184,Innotype,Notebooks,2/10/2024,1086.18,TRUE
977,Notebook HP,862.46,337,Kayveo,Notebooks,1/14/2024,713.86,TRUE
978,Notebook HP,820.13,751,Myworks,Notebooks,1/21/2024,950.71,FALSE
979,Notebook Lenovo,937.6,267,Mycat,Notebooks,2/16/2024,999.18,FALSE
980,Notebook Lenovo,1272.46,251,Roombo,Notebooks,1/29/2024,1064.97,FALSE
981,Microsoft Surface,1353.57,59,Divape,Notebooks,3/2/2024,897.23,TRUE
982,MacBook Pro,1228.51,455,Yotz,Notebooks,2/1/2024,774.08,TRUE
983,Microsoft Surface,1275.99,44,Brightbean,Notebooks,3/30/2024,869.27,TRUE
984,Notebook Dell,1424.97,272,Yabox,Notebooks,2/29/2024,1082.41,TRUE
985,Notebook HP,883.63,538,Quatz,Notebooks,2/18/2024,837.63,TRUE
986,Notebook Lenovo,1494.98,903,Skiba,Notebooks,1/4/2024,1005.5,TRUE
987,Notebook Dell,1121.24,803,Oyonder,Notebooks,2/25/2024,1025.83,FALSE
988,Notebook Lenovo,1397.21,657,Flashspan,Notebooks,3/25/2024,898.34,FALSE
989,Notebook Lenovo,921.86,698,Zava,Notebooks,1/19/2024,714.47,TRUE
990,Notebook Acer,1148.61,748,Edgeify,Notebooks,1/28/2024,864.45,FALSE
991,Notebook Dell,879.65,121,Muxo,Notebooks,2/14/2024,933.19,FALSE
992,Notebook Dell,1039.11,132,Edgetag,Notebooks,2/17/2024,1003.61,TRUE
993,Notebook HP,823.61,301,Tazzy,Notebooks,1/24/2024,1149.71,TRUE
994,Microsoft Surface,1461.0,73,Thoughtbeat,Notebooks,1/19/2024,749.17,FALSE
995,Notebook HP,832.75,112,Meezzy,Notebooks,1/8/2024,1002.93,FALSE
996,Notebook Dell,993.37,530,Trupe,Notebooks,3/13/2024,960.59,TRUE
997,Notebook Dell,1106.43,769,Tagcat,Notebooks,2/2/2024,824.3,FALSE
998,Notebook Acer,1420.0,579,Geba,Notebooks,3/1/2024,743.19,FALSE
999,MacBook Pro,887.74,210,Jetpulse,Notebooks,1/14/2024,756.04,FALSE
1000,Notebook HP,1491.51,192,Youopia,Notebooks,2/15/2024,1077.57,FALSE